of,767
in,684
with,615
patient,521
for,504
on,449
at,301
dr,297
old,245
come,239
day,194
discharge,194
pain,185
that,181
mg,169
time,161
blood,158
as,145
well,135
stable,126
also,122
yr,120
need,118
see,113
history,111
by,109
week,107
give,101
present,101
continue,100
review,100
plan,99
today,98
follow,94
from,93
care,91
hospital,89
one,86
year,85
disease,83
normal,83
x,83
still,82
medication,81
right,81
take,77
admission,76
get,75
past,75
home,74
pressure,74
go,72
female,72
hour,69
back,67
diet,66
two,66
daily,65
acute,63
followup,63
bed,62
sign,60
course,60
do,58
good,57
start,56
last,56
po,55
room,55
if,55
tolerate,54
respiratory,54
over,54
admit,54
about,54
ago,53
self,53
low,53
ob,52
without,52
month,52
lung,51
improve,51
physical,51
per,50
vital,50
return,49
note,49
fluid,49
after,48
however,47
problem,47
shortness,46
use,46
examination,46
rate,46
male,45
negative,45
change,45
state,44
white,44
would,44
ambulant,44
weight,43
breath,43
heart,43
medical,42
prior,42
office,42
chest,42
allergy,42
surgery,41
treatment,41
than,41
issue,41
count,41
sleep,40
otherwise,39
show,39
three,39
nil,38
left,38
visit,38
therapy,38
renal,37
fever,37
difficulty,37
xyz,37
condition,37
report,37
complaint,37
may,36
wound,36
ct,36
status,36
ray,36
work,35
activity,35
level,35
temperature,34
make,34
system,34
test,34
clear,34
diagnose,34
general,33
hypertension,33
rest,33
pulmonary,33
eat,33
leg,33
head,32
during,32
biopsy,32
pulse,32
abdominal,31
next,31
within,31
like,31
approximately,31
discuss,31
assist,31
extremity,30
night,30
morning,30
every,30
deny,30
remain,30
pound,30
post,30
instruction,30
increase,30
diabetes,30
diagnosis,30
control,29
symptom,29
edema,29
point,29
since,29
new,29
current,29
think,29
family,28
due,28
assessment,28
knee,28
perform,28
doctor,28
function,28
procedure,28
subjective,28
much,28
receive,28
secondary,28
infection,28
tablet,28
feel,27
bid,27
cell,27
severe,27
treat,27
dose,27
able,27
emergency,27
result,27
culture,27
evaluation,26
chronic,26
study,26
decrease,26
appear,26
seem,26
nasal,26
hemoglobin,26
prn,26
say,26
neck,26
ongoing,26
unremarkable,26
foot,25
require,25
know,24
team,24
full,24
under,24
headache,24
high,24
cancer,24
check,24
unit,24
outpatient,24
obtain,24
side,23
bowel,23
anemia,23
antibiotic,23
significant,23
failure,23
tell,23
cardiac,23
oral,23
clinic,23
data,23
pneumonia,23
because,22
distress,22
elevate,22
iv,22
leave,22
brain,22
glucose,22
nausea,21
open,21
appointment,21
urine,21
drug,21
laboratory,21
call,21
reveal,21
total,21
place,21
query,21
congestive,21
med,21
transfer,21
cough,21
six,21
social,20
await,20
mild,20
vomit,20
small,20
throughout,20
swell,20
complete,20
postoperative,20
hematocrit,20
upper,20
consult,20
multiple,20
bilaterally,20
tom,20
bilateral,20
type,20
concern,20
exam,20
include,20
initially,19
regard,19
skin,19
liver,19
scan,19
great,19
regular,19
pleasant,19
little,19
abc,19
alert,19
tube,19
resolve,19
urinary,19
surgical,19
progress,19
afebrile,18
several,18
stay,18
so,18
depression,18
auscultation,18
instruct,18
injury,18
repeat,18
refer,18
yet,18
quite,18
platelet,18
additional,18
find,18
above,18
management,18
saturation,18
kidney,18
sinus,18
food,18
evaluate,17
lab,17
recommend,17
mellitus,17
while,17
into,17
felt,17
physician,17
recent,17
ekg,17
air,17
chart,17
illness,17
previous,16
area,16
minute,16
meal,16
long,16
nursing,16
order,16
abcd,16
investigation,16
sugar,16
out,16
hand,16
decide,16
shoulder,16
hospitalization,16
moderate,16
positive,16
effect,16
calorie,16
four,16
really,16
pending,16
speech,15
artery,15
creatinine,15
between,15
try,15
complain,15
rash,15
atrial,15
strength,15
fall,15
caring,15
rhythm,15
likely,15
until,15
muscle,15
send,15
schedule,15
abdomen,15
insulin,15
recently,15
risk,15
mouth,15
bring,15
prostate,14
mass,14
through,14
yesterday,14
baby,14
mri,14
respiration,14
advise,14
stress,14
intact,14
age,14
less,14
later,14
adls,14
eye,14
prong,14
contact,14
first,14
couple,13
apnea,13
disorder,13
stenosis,13
might,13
bad,13
monitor,13
five,13
gi,13
recommendation,13
refill,13
husband,13
psa,13
feed,13
diabetic,13
asthma,13
consultation,13
cause,13
soft,13
effusion,13
discontinue,13
support,13
upon,13
hepatitis,13
pump,13
woman,12
tract,12
allergies,12
objective,12
information,12
medial,12
lot,12
breast,12
bit,12
question,12
short,12
diarrhea,12
currently,12
help,12
twice,12
keep,12
overall,12
impression,12
lose,12
bun,12
dvt,12
fracture,12
consider,12
exacerbation,12
nontender,12
loss,12
before,12
want,12
heal,12
ambulate,12
bleed,12
arm,12
cbc,12
could,12
summary,12
carotid,11
child,11
prednisone,11
range,11
exercise,11
heent,11
drain,11
talk,11
aspirin,11
develop,11
liquid,11
sound,11
somewhat,11
dry,11
fat,11
echocardiogram,11
occasional,11
disposition,11
transfusion,11
mother,11
medicine,11
apparently,11
spine,11
another,11
inr,11
sweat,11
anything,11
murmur,11
possible,11
daytime,11
record,10
begin,10
chill,10
cardiovascular,10
c,10
complication,10
rehabilitation,10
maintain,10
stop,10
throat,10
walk,10
dyspnea,10
ultrasound,10
term,10
oxygen,10
amount,10
initial,10
free,10
abuse,10
spinal,10
assistance,10
tenderness,10
subsequently,10
probably,10
stroke,10
nurse,10
hip,10
relate,10
transplant,10
limit,10
sheet,10
u,10
round,10
hysterectomy,10
center,10
systolic,10
look,10
episode,10
live,10
breathe,10
number,10
request,10
prophylaxis,10
relief,10
operating,10
referral,10
scale,9
cpap,9
monitoring,9
fixation,9
service,9
regimen,9
basis,9
gentleman,9
mr,9
increased,9
encourage,9
none,9
drop,9
potassium,9
bladder,9
hold,9
reason,9
vomiting,9
ecg,9
aggressive,9
anxiety,9
routine,9
dizziness,9
period,9
list,9
pill,9
methotrexate,9
recurrent,9
pathology,9
dos,9
alcohol,9
bleeding,9
pattern,9
put,9
wean,9
fibrillation,9
close,9
weakness,9
ask,9
intensive,9
node,9
frequently,9
improvement,9
g,9
cellulitis,9
adenopathy,9
copd,9
non,9
health,9
certainly,9
prescription,9
hypothyroidism,9
shift,9
undergo,9
obstruction,9
contrast,9
available,9
known,9
lesion,9
bypass,8
ml,8
compression,8
drink,8
underwent,8
agree,8
discussion,8
lymphadenopathy,8
demonstrate,8
bipap,8
relatively,8
neuro,8
ldl,8
wait,8
sample,8
nocturia,8
end,8
lymphoma,8
ii,8
ot,8
fact,8
though,8
chief,8
score,8
visual,8
finding,8
syndrome,8
epilepsy,8
case,8
gc,8
smoker,8
cm,8
screw,8
living,8
cholesterol,8
stand,8
minimal,8
gain,8
therefore,8
reduce,8
nose,8
although,8
brief,8
add,8
protein,8
tobacco,8
facial,8
advance,8
lateral,8
slightly,8
active,8
pleural,8
echo,8
friday,8
following,8
around,8
daughter,8
qam,8
exertion,8
smoke,8
suggest,8
injection,8
degree,8
obs,8
background,8
coumadin,7
swallow,7
stage,7
resume,7
balance,7
abnormality,7
albuterol,7
cervical,7
floor,7
myocardial,7
colonoscopy,7
date,7
slow,7
postoperatively,7
thyromegaly,7
actually,7
base,7
something,7
skilled,7
airway,7
incision,7
plate,7
become,7
walker,7
stool,7
second,7
musculoskeletal,7
already,7
internal,7
toe,7
tsh,7
supple,7
mom,7
replacement,7
planning,7
saline,7
stent,7
cardiology,7
orient,7
aspiration,7
yrs,7
coreg,7
recheck,7
mid,7
confusion,7
goal,7
half,7
workup,7
meantime,7
tire,7
run,7
seven,7
machine,7
debridement,7
calcium,7
cycle,7
please,7
plus,7
red,7
previously,7
insertion,7
father,7
anxious,7
unable,7
seizure,7
parent,7
afternoon,7
hypercholesterolemia,7
bone,7
mammogram,7
fatigue,6
duct,6
packed,6
drainage,6
insomnia,6
via,6
placement,6
angiogram,6
manage,6
dependent,6
lantus,6
appropriate,6
off,6
iron,6
acquire,6
elbow,6
especially,6
de,6
versus,6
ulcer,6
pericardial,6
enzyme,6
facility,6
primary,6
pacemaker,6
obesity,6
grossly,6
adjustment,6
middle,6
cerebral,6
meet,6
mrsa,6
pelvic,6
cardiologist,6
bp,6
lie,6
evidence,6
okay,6
silva,6
infarction,6
light,6
graft,6
methadone,6
remove,6
pm,6
painful,6
congestion,6
describe,6
gram,6
man,6
joint,6
ahead,6
feeding,6
ng,6
incontinent,6
pretty,6
brother,6
cut,6
onset,6
gastrostomy,6
consent,6
adjust,6
lymph,6
urinalysis,6
large,6
av,6
got,6
therapeutic,6
steroid,6
matthew,6
bgl,6
july,6
water,6
sputum,6
parietal,6
reaction,6
distant,6
operation,6
tomorrow,6
voice,6
rapid,6
elevated,6
thyroid,6
future,6
explain,6
qid,6
dialysis,6
wave,6
hyperlipidemia,6
allergic,6
awake,6
regularly,6
panel,6
tan,6
thorax,6
bedtime,6
movement,6
cream,6
equal,6
dietary,6
addition,6
monday,6
understand,6
laparoscopic,6
anterior,6
unknown,6
tissue,6
nothing,6
abnormal,6
reflux,6
nerve,6
mention,6
hpi,5
august,5
ache,5
march,5
liter,5
icu,5
prevention,5
bruits,5
ben,5
loose,5
infiltrate,5
spasm,5
uti,5
whether,5
performance,5
intubate,5
comfortable,5
pre,5
prolonged,5
believe,5
decision,5
epigastric,5
infusion,5
jackson,5
independently,5
line,5
etiology,5
caucasian,5
osteoarthritis,5
discomfort,5
dysphagia,5
brace,5
evening,5
egd,5
preoperatively,5
delivery,5
zocor,5
extra,5
insufficiency,5
op,5
sick,5
weigh,5
earlier,5
neurological,5
smoking,5
tachycardia,5
vitamin,5
suspect,5
carcinoma,5
m,5
response,5
precaution,5
femoral,5
carbohydrate,5
constipation,5
ejection,5
palpable,5
even,5
wart,5
vaginal,5
hear,5
third,5
bronchitis,5
ivc,5
adequate,5
spend,5
sit,5
vascular,5
mental,5
b,5
accident,5
physio,5
aspect,5
stone,5
arthritis,5
move,5
wheezing,5
stomach,5
menometrorrhagia,5
slide,5
slowly,5
lumbar,5
coronary,5
arrangement,5
prescribe,5
access,5
tender,5
j,5
reactive,5
draw,5
car,5
oxycodone,5
residual,5
dress,5
plavix,5
thrombosis,5
urination,5
mi,5
diary,5
acuity,5
face,5
chemotherapy,5
hurt,5
metastatic,5
trial,5
cholecystectomy,5
denies,5
finally,5
option,5
continued,5
cyst,5
appetite,5
extensive,5
ward,5
measure,5
worker,5
situ,5
zithromax,5
unchanged,5
medrol,5
strict,5
grade,5
turn,5
bgls,5
respond,5
er,5
hemodialysis,5
dysfunction,5
bactrim,5
recover,5
fibroid,5
motion,5
albumin,5
site,5
embolism,5
refuse,5
tremor,5
hypoxia,5
establish,5
diazoxide,5
rehab,5
enough,5
cancel,5
wheely,5
usual,5
avoid,5
band,5
trauma,5
despite,5
life,5
pack,4
awaken,4
deficiency,4
plateau,4
pregnancy,4
gastrointestinal,4
endoscopy,4
decreased,4
defect,4
neuropathy,4
fail,4
nontoxic,4
h,4
willough,4
mart,4
synthroid,4
sister,4
anesthesia,4
xray,4
clean,4
notice,4
productive,4
body,4
surgeon,4
central,4
difficult,4
qd,4
ambulatory,4
percent,4
thing,4
dermatitis,4
accordingly,4
reveals,4
nina,4
urology,4
factor,4
accord,4
diastolic,4
consume,4
paperwork,4
ear,4
arrange,4
main,4
benign,4
sr,4
infectious,4
basically,4
situation,4
removal,4
reading,4
virus,4
community,4
hannah,4
wheeze,4
baseline,4
size,4
weekly,4
reduction,4
hematuria,4
progressive,4
microinvasive,4
cc,4
ounce,4
difficile,4
smith,4
diagnostic,4
ectopic,4
midline,4
cord,4
generally,4
final,4
symptomatic,4
rather,4
instead,4
dysuria,4
swelling,4
resection,4
set,4
andrew,4
strong,4
phone,4
bilirubin,4
power,4
fleming,4
effort,4
disc,4
postop,4
fundoplication,4
view,4
vehicle,4
palpitation,4
deficit,4
pancytopenia,4
relieve,4
improved,4
mucosa,4
identify,4
sooner,4
unfortunately,4
vitals,4
auditory,4
weak,4
possibly,4
novolog,4
gastric,4
tylenol,4
counter,4
penicillin,4
palpation,4
e,4
mobility,4
forearm,4
limited,4
hypoglycemia,4
early,4
amoxicillin,4
finger,4
circumcision,4
sore,4
pca,4
lovenox,4
longer,4
sepsis,4
aware,4
school,4
mask,4
critical,4
linguistic,4
cannula,4
buttock,4
oedema,4
fast,4
utilize,4
strenuous,4
adrenal,4
electrolyte,4
read,4
guard,4
june,4
ulcerative,4
trace,4
length,4
intake,4
f,4
viral,4
finish,4
npo,4
reflex,4
bacteria,4
l,4
appreciate,4
hematoma,4
rhonchi,4
nebulizer,4
tumor,4
intervention,4
nourished,4
rule,4
bound,4
irrigation,4
lady,4
crp,4
wash,4
quit,4
flagyl,4
abilify,4
interim,4
seroquel,4
decline,4
venous,4
hyperglycemia,4
gastroenterologist,4
far,4
excision,4
breathing,4
confused,4
febrile,4
valve,4
lotion,4
intolerance,4
away,4
staff,4
double,4
american,4
detail,4
fairly,4
occur,4
compare,4
fasting,4
overload,4
completely,4
infant,4
bnp,4
wear,4
least,4
bedside,4
catheter,4
triglyceride,4
sometimes,4
unresponsive,4
ready,4
cardiomyopathy,4
acid,4
eight,4
arrest,4
cad,4
radiation,4
wonder,4
chen,4
maybe,4
session,4
paul,4
lasix,4
ed,4
feeling,4
ovary,4
numbness,4
abdo,4
insurance,4
catheterization,4
drive,4
heroin,4
clinically,4
salpingo,4
substance,4
rituxan,4
lobe,4
scar,4
mark,4
hypotension,4
nonsmoker,4
tab,4
levaquin,4
pull,4
rrb,4
teeth,4
shin,3
atenolol,3
orthopedic,3
hydrocortisone,3
compliant,3
scalp,3
dentition,3
epidural,3
extension,3
percocet,3
mary,3
repair,3
jasmine,3
stabilize,3
empty,3
z,3
basal,3
fell,3
leena,3
edward,3
carbonate,3
thyroidectomy,3
michael,3
gregor,3
cholecystitis,3
saw,3
except,3
cpm,3
ampicillin,3
freeze,3
infarct,3
snore,3
hernia,3
similar,3
fruit,3
vac,3
supplemental,3
different,3
nervous,3
indication,3
flu,3
septum,3
desire,3
haemorrhage,3
gareth,3
ativan,3
wrist,3
below,3
worried,3
mcdonald,3
significantly,3
hospitalist,3
strip,3
discectomy,3
aphasia,3
phosphorus,3
hard,3
trazodone,3
spike,3
uneventful,3
amir,3
mile,3
hypoglycemic,3
forbes,3
thigh,3
desirous,3
pedal,3
d,3
inflammation,3
device,3
dur,3
specific,3
big,3
garcia,3
craniopharyngioma,3
often,3
abscess,3
hemicolectomy,3
luke,3
elderly,3
complicate,3
combination,3
agreement,3
bradycardia,3
oncology,3
allow,3
slur,3
interstitial,3
contribute,3
diverticulosis,3
nitroglycerin,3
ent,3
hourly,3
late,3
cigarette,3
lupus,3
grow,3
hcg,3
arrhythmia,3
adenocarcinoma,3
thank,3
immediately,3
atraumatic,3
ability,3
bill,3
vein,3
morbid,3
metal,3
chemistry,3
fill,3
hive,3
angioplasty,3
simple,3
differential,3
proceed,3
transitional,3
lithotripsy,3
traumatic,3
gluteal,3
quadrant,3
married,3
comfortably,3
restriction,3
choice,3
smear,3
gross,3
ama,3
aortic,3
gu,3
sulfate,3
morris,3
fourth,3
leukocytosis,3
tolerance,3
depress,3
selection,3
thoracentesis,3
correction,3
hopefully,3
dm,3
cerebrovascular,3
experience,3
menstrual,3
noncontributory,3
trouble,3
unclear,3
cox,3
mill,3
attack,3
occasionally,3
motor,3
event,3
reglan,3
benadryl,3
court,3
mucous,3
output,3
pertussis,3
radiology,3
idc,3
progressively,3
major,3
melanoma,3
orally,3
exudate,3
beta,3
direct,3
prepare,3
massive,3
prostatic,3
erythematous,3
slight,3
cyanosis,3
ensure,3
morgan,3
comorbidities,3
vaccination,3
tumour,3
phillip,3
satisfactory,3
intracranial,3
frequency,3
li,3
sudden,3
redness,3
notify,3
laryngitis,3
doubly,3
pt,3
uterus,3
sodium,3
gradually,3
green,3
irritative,3
mdi,3
secretion,3
radical,3
raise,3
refractory,3
keflex,3
tid,3
lisinopril,3
rheumatoid,3
excellent,3
wbc,3
vessel,3
provide,3
wt,3
gravida,3
lexapro,3
lightheadedness,3
chair,3
moderately,3
hematologic,3
arthroplasty,3
up,3
energy,3
cpk,3
ms,3
spot,3
james,3
tum,3
puff,3
laine,3
originally,3
tamoxifen,3
cath,3
counsel,3
sulfa,3
strongly,3
value,3
endocrine,3
melena,3
sure,3
phase,3
albert,3
ibuprofen,3
lib,3
tpn,3
irritation,3
involve,3
department,3
doppler,3
thrombocytosis,3
volume,3
way,3
christian,3
void,3
perforation,3
endone,3
gallop,3
ten,3
anc,3
collection,3
restart,3
johnson,3
irregular,3
pulmonologist,3
plantar,3
watch,3
consciousness,3
eventually,3
foley,3
strep,3
gordon,3
nondrinker,3
gestational,3
gastroenteritis,3
member,3
lee,3
v,3
antibody,3
ross,3
endocarditis,3
gastritis,3
local,3
harris,3
briefly,3
region,3
cuff,3
poor,3
diffuse,3
prograf,3
gallbladder,3
pneumonitis,3
tinea,3
cold,3
septal,3
random,3
bipolar,3
young,3
tongue,3
rhabdomyolysis,3
posttraumatic,3
legs,3
antiemetic,3
dementia,3
neurologic,3
nad,3
oriented,3
kg,3
posterior,3
troponin,3
extremities,3
safety,3
continuous,3
suction,3
almost,3
job,3
laryngotracheoplasty,3
position,3
christine,3
colace,3
ankle,3
lunch,3
determine,3
initiate,3
neil,3
lipid,3
trend,3
omeprazole,3
skip,3
dosage,3
ua,3
weightbearing,3
concentrated,3
cholelithiasis,3
heel,3
incontinence,3
midnight,3
remember,3
near,3
always,3
intubation,3
wake,3
hdl,3
shower,3
lad,3
write,3
para,3
preliminary,3
anticipate,3
intermittent,3
ill,3
april,3
against,3
ab,3
abgs,3
dressing,3
rocephin,3
transfuse,3
pop,3
happen,3
obstructive,3
vocal,3
instrumentation,2
smart,2
section,2
lying,2
elizabeth,2
ether,2
rhonchus,2
dse,2
urinate,2
ldh,2
ibrahim,2
candice,2
lin,2
complaints,2
extent,2
sort,2
independence,2
sian,2
malnourishment,2
esophageal,2
depend,2
yes,2
dexa,2
overnight,2
setting,2
chemo,2
marie,2
oophorectomy,2
dopamine,2
rale,2
reasonable,2
hair,2
welcome,2
toby,2
pr,2
coag,2
impairment,2
spur,2
laurence,2
mail,2
timothy,2
atypical,2
withhold,2
ixempra,2
requirement,2
rechecked,2
allan,2
#1,2
thorough,2
meredith,2
tingling,2
intend,2
agitation,2
dizzy,2
cpr,2
id,2
opiate,2
inhibitor,2
cabg,2
till,2
nephrolithiasis,2
rogers,2
hemorrhage,2
promise,2
successful,2
gan,2
renee,2
diltiazem,2
frame,2
linear,2
medifast,2
telemetry,2
radiculopathy,2
fbc,2
enlarged,2
attendance,2
lipitor,2
jaime,2
morton,2
crux,2
let,2
juncture,2
degenerative,2
heavy,2
anne,2
median,2
rod,2
doxycycline,2
ppd,2
nightly,2
sensation,2
hr,2
additionally,2
hormone,2
nauseate,2
prominent,2
gill,2
cocci,2
form,2
clinical,2
necessary,2
elevation,2
undetermined,2
suspected,2
pratt,2
permanent,2
folic,2
eomi,2
focal,2
digoxin,2
jean,2
normocephalic,2
thrill,2
communication,2
itchy,2
etc,2
iii,2
detrol,2
oximetry,2
margaret,2
transaminase,2
hardware,2
naris,2
pth,2
crackle,2
da,2
fatima,2
leonid,2
undergone,2
never,2
cramping,2
aliah,2
front,2
gutierrez,2
appendectomy,2
memory,2
diffusely,2
reasonably,2
zhou,2
judas,2
thus,2
maintenance,2
polycythemia,2
colonization,2
hospitalize,2
deconditioning,2
cervix,2
supply,2
monique,2
solu,2
specifically,2
emetic,2
travel,2
sinusitis,2
ischemia,2
lisbeth,2
station,2
examine,2
mood,2
bacteremia,2
alvaro,2
diflucan,2
ca,2
intercourse,2
hyponatremia,2
wall,2
bare,2
recurrence,2
praise,2
ok,2
duoneb,2
hop,2
november,2
homans,2
pharmacy,2
edematous,2
lifting,2
paracetamol,2
jonathan,2
suggestive,2
pay,2
attention,2
harold,2
dercy,2
gallops,2
corneal,2
somnolent,2
supplementation,2
hiatal,2
pericarditis,2
nodule,2
inducible,2
agreeable,2
external,2
camilla,2
metabolic,2
beat,2
patent,2
class,2
pmotherwise,2
anticoagulation,2
diff,2
helpful,2
jak,2
city,2
ambulation,2
swab,2
along,2
urgent,2
kenzie,2
bob,2
atelectasis,2
coverage,2
essential,2
serial,2
topical,2
massage,2
stocking,2
aggrenox,2
particularly,2
uncontrolled,2
bubble,2
stream,2
yellow,2
idea,2
cea,2
hydroxychloroquine,2
tonight,2
ratio,2
nebulized,2
noon,2
palsy,2
lvh,2
lift,2
hematologist,2
bedrest,2
benzodiazepine,2
harry,2
hoarseness,2
excise,2
deep,2
conjunctivitis,2
smooth,2
personal,2
ureter,2
chf,2
gastroesophageal,2
hydrea,2
dental,2
hepatic,2
hemolytic,2
tubercle,2
trapezius,2
aid,2
assymptomatic,2
signal,2
adenosine,2
complex,2
sinuses,2
bph,2
accomplish,2
ana,2
flexion,2
marrow,2
healthy,2
groin,2
gastroparesis,2
deem,2
chronically,2
bear,2
allegra,2
sternal,2
david,2
pa,2
contributory,2
moment,2
taper,2
angina,2
katrina,2
approach,2
videostroboscopy,2
appearance,2
basilakis,2
rub,2
statin,2
heidi,2
sensitivity,2
verbal,2
zyrtec,2
spray,2
cava,2
gray,2
lortab,2
tingle,2
smell,2
snack,2
mostly,2
poorly,2
serious,2
mew,2
polyphagia,2
acne,2
tariq,2
thyroglobulin,2
hilary,2
jane,2
checkup,2
inability,2
warm,2
noted,2
antidepressant,2
natalia,2
load,2
sclerae,2
exactly,2
mono,2
witness,2
shweta,2
phosphatase,2
bps,2
sextant,2
histology,2
liu,2
clue,2
highly,2
cat,2
mall,2
closely,2
attribute,2
leucovorin,2
leukemoid,2
pinch,2
february,2
aspirate,2
important,2
bmi,2
elijah,2
veronika,2
rem,2
summer,2
basic,2
amputation,2
ap,2
everything,2
nizoral,2
taxol,2
accident),2
disk,2
standby,2
ebm,2
cannot,2
vicodin,2
extreme,2
dan,2
card,2
suspicious,2
subcutaneous,2
mcv,2
beverage,2
offer,2
silent,2
preparation,2
respectively,2
barium,2
discussed,2
vision,2
accuracy,2
benefit,2
guido,2
alpha,2
hodgings,2
phil,2
neo,2
resect,2
exchange,2
lead,2
hypokalemia,2
oropharynx,2
image,2
notably,2
presentation,2
p,2
thoracic,2
ang,2
tim,2
hypothermia,2
lip,2
liam,2
inhaler,2
attend,2
bolus,2
harrod,2
chestpain,2
receptive,2
cmp,2
core,2
limitation,2
occupational,2
interval,2
occasion,2
name,2
terminal,2
magnesium,2
andreas,2
alcoholic,2
pmi,2
calf,2
hallucination,2
carry,2
bathroom,2
swollen,2
guide,2
incident,2
operatively,2
hispanic,2
xanax,2
die,2
bile,2
neg,2
hypoxemia,2
chenxiao,2
cardiopulmonary,2
numerous,2
nonlabored,2
comfort,2
rsv,2
washing,2
consults,2
address,2
upright,2
target,2
htn,2
sofia,2
eczema,2
standpoint,2
psyche,2
sigmoid,2
garry,2
expire,2
resistant,2
safe,2
microalbumin,2
manuel,2
apparent,2
worsen,2
dismiss,2
pad,2
organomegaly,2
mindy,2
administration,2
cataract,2
infiltrates,2
emptying,2
elect,2
definite,2
perfused,2
portion,2
calm,2
lorcet,2
incidental,2
nathan,2
paper,2
dim,2
numb,2
leiomyosarcoma,2
gentamicin,2
zyprexa,2
sedate,2
polydipsia,2
ie,2
manager,2
act,2
cathy,2
ventricular,2
dosepak,2
lower,2
tear,2
esophagitis,2
vesicle,2
kawasaki,2
vera,2
play,2
alone,2
amiodarone,2
drowsy,2
gary,2
grip,2
hamid,2
certain,2
january,2
transport,2
intermittently,2
desmond,2
norvasc,2
associate,2
amanda,2
clot,2
collar,2
dictation,2
im,2
suprapatellar,2
ferrous,2
quickly,2
puncture,2
sunburn,2
supraglottic,2
mohammed,2
cavity,2
turgor,2
bariatric,2
pe,2
bon,2
ivy,2
tunnel,2
trigger,2
flow,2
ada,2
necrotic,2
tympanic,2
chloride,2
tip,2
boy,2
lucila,2
fibrosis,2
bd,2
roger,2
tanya,2
colon,2
extend,2
marking,2
poison,2
approximate,2
chiara,2
thrombocytopenia,2
ideal,2
weather,2
dermatology,2
border,2
kate,2
jones,2
hypothyroid,2
lfts,2
botulinum,2
decubitus,2
symmetric,2
carotids,2
suck,2
retraction,2
inject,2
nick,2
mahe,2
park,2
gabriella,2
hematochezia,2
anion,2
concentric,2
hemodynamically,2
xinhua,2
gcs,2
wish,2
color,2
rice,2
shiftotherwise,2
flat,2
perhaps,2
tracheotomy,2
interested,2
inform,2
nutrition,2
illicit,2
agatha,2
oscar,2
pelvis,2
ferritin,2
soon,2
bottom,2
banafsheh,2
asleep,2
arthur,2
speak,2
prove,2
ovarian,2
vegetable,2
compliance,2
lipase,2
complaining,2
syncopal,2
nonetheless,2
verapamil,2
thin,2
modify,2
duplex,2
assistant,2
brown,2
hi,2
tendon,2
suppose,2
diverticular,2
jie,2
miranda,2
bactroban,2
maria,2
radiate,2
either,2
kara,2
digit,2
alex,2
comprehensive,2
gradual,2
siskin,2
gfr,2
prevent,2
orthostatics,2
wednesday,2
pyelonephritis,2
darvocet,2
multivitamin,2
density,2
fetoprotein,2
ad,2
jose,2
wide,2
switch,2
bronchoscopy,2
awakening,2
remote,2
pupil,2
celebrex,2
faustino,2
ever,2
fossa,2
max,2
gerhard,2
tiny,2
sustain,2
ophthalmology,2
detailed,2
episodes,2
reliefnil,2
jenny,2
cipro,2
cirrhosis,2
beam,2
protocol,2
neosure,2
sat,2
properly,2
pan,2
beatrice,2
others,2
alexander,2
orthostatic,2
toxicity,2
titer,2
berry,2
hemoptysis,2
fit,2
group,2
nighttime,2
apply,2
product,2
global,2
st,2
earache,2
analysis,2
jill,2
actonel,2
worse,2
lactulose,2
weekend,2
replace,2
distribution,2
persistent,2
reevaluation,2
narcotic,2
eric,2
educator,2
tachycardic,2
kind,2
civi,2
incentive,2
henrik,2
ischemic,2
assisted,2
standard,2
enlarge,2
prophylactic,2
voluntary,2
ck,2
holter,2
expenditure,2
hit,2
eating,2
garden,2
jim,2
consist,2
evelyn,2
psychosocial,2
glycemic,2
papillary,2
diminished,2
psoriasis,2
pedis,2
metastasis,2
bibasilar,2
unsuccessful,2
erythema,2
consistent,2
simpson,2
uterine,2
madera,2
resonant,2
delayed,2
claim,2
pass,2
thompson,2
flatus,2
extremely,2
step,2
peripheral,2
oxygenation,2
sandra,2
happy,2
rectal,2
confuse,2
liz,2
peter,2
emphasis,2
alana,2
fraction,2
herniation,2
testing,2
advice,2
newly,2
formula,2
independent,2
odette,2
gauline,1
uncircumcised,1
minor,1
telephone,1
breakout,1
lipometabolism,1
afterwards,1
(paf),1
betamethasone,1
rdw,1
rid,1
untoward,1
lightheaded,1
remarkable,1
cornea,1
contraction,1
intraoperatively,1
emerson,1
shy,1
quantitative,1
retained,1
extraocular,1
nissen,1
orange,1
complains,1
triathlon,1
diva,1
valente,1
splenius,1
error,1
cardiomegaly,1
maximum,1
luck,1
men,1
lb,1
quiet,1
coincidence,1
levall,1
apr,1
expectorant,1
deltoid,1
deteriorate,1
abbassi,1
jvd,1
sestamibi,1
staple,1
meter,1
sacral,1
apprised,1
mildly,1
warranty,1
restrict,1
hyperglycemic,1
adjunct,1
myoclonic,1
remark,1
clarkson,1
par,1
picture,1
dyslipidemia,1
granulation,1
decortication,1
senior,1
excess,1
marlor,1
unexplained,1
narcan,1
jatin,1
pac,1
sgpt,1
rusher,1
noncuffed,1
thaney,1
must,1
success,1
source,1
alveolar,1
teacher,1
et,1
nonproductive,1
atacand,1
prosecution,1
la,1
predominantly,1
supplement,1
gayler,1
comply,1
qhs,1
hyem,1
milk,1
stump,1
neither,1
bronchospasm,1
romberg,1
uninterrupted,1
suppressed,1
chesty,1
og,1
dispense,1
staphylococcus,1
cross,1
again;,1
cooperative,1
scotoma,1
detect,1
valley,1
peritonsillar,1
qt,1
luteal,1
leak,1
guideline,1
alt,1
potential,1
augmentin,1
coco,1
counselling,1
neuromuscular,1
cheks,1
harvey,1
lateralize,1
particular,1
santi,1
fluorescein,1
armani,1
treadmill,1
cautious,1
nevanac,1
larsson,1
usage,1
ultram,1
djd,1
imdur,1
excessive,1
sequela,1
fetal,1
tms,1
septra,1
syncytial,1
immaturity,1
blade,1
brisk,1
toilet,1
opioid,1
teaspoon,1
lidocaine,1
sofi,1
bursa,1
sunny,1
microcytic,1
cane,1
unsafe,1
empiric,1
bing,1
multivessel,1
coarse,1
zarribi,1
caetano,1
generate,1
dera,1
shoe,1
drmorris,1
evett,1
steri,1
practice,1
compazine,1
bloat,1
impede,1
average,1
nih,1
nitrofurantoin,1
preferential,1
hilar,1
inhaled,1
vi,1
protection,1
schofield,1
retch,1
toxin,1
barbosa,1
irrigate,1
gravity,1
tired,1
extubated,1
burning,1
splenomegaly,1
official,1
tahoe,1
importance,1
nutritional,1
subcu,1
minimental,1
milver,1
abate,1
typically,1
alzheimers,1
scab,1
thursday,1
paranasal,1
trillo,1
salpingectomy,1
radiologic,1
amnil,1
convert,1
flank,1
ligation,1
neutrophil,1
updated,1
periphery,1
resolved,1
inflammatory,1
suture,1
gemfibrozil,1
meat,1
index,1
hyatt,1
estimate,1
worry,1
psychologist,1
mva,1
monitoringongoing,1
dip,1
retina,1
seventh,1
thinner,1
pinpoint,1
tibia,1
docusate,1
spread,1
hsm,1
evolve,1
hanlen,1
chemical,1
peridex,1
marked,1
bowral,1
md,1
reed,1
organisednil,1
port,1
foreskin,1
neurology,1
structure,1
subcutaneously,1
scleritis,1
encephalopathy,1
bump,1
compulsive,1
nonfasting,1
margin,1
prongsambulant,1
hem,1
aplastic,1
news,1
congenital,1
perianal,1
flexor,1
visuospatial,1
paxil,1
hypermetabolic,1
worsened,1
admissionthey,1
tremoring,1
immunodeficiency,1
crash,1
glyburide,1
administer,1
profession,1
angle,1
yunita,1
rhonda,1
fontanelle,1
venostasis,1
motrin,1
brooke,1
possibility,1
intestinal,1
asymptomatic,1
fibromyalgia,1
triple,1
sneeze,1
breech,1
build,1
urgency,1
marginal,1
conjunctiva,1
map,1
vasectomy,1
cambridge,1
alejandro,1
chicken,1
butter,1
dang,1
lumbosacral,1
prenatal,1
evan,1
prolactinemia,1
atelectatic,1
nkda,1
hemoperitoneum,1
outlined,1
inderal,1
gait,1
healthier,1
micu,1
screen,1
pcr,1
training,1
conservatively,1
wrap,1
anonymous,1
thuy,1
periumbilical,1
dad,1
account,1
cleansing,1
disarray,1
fernandez,1
ccf,1
emesis,1
endoscopic,1
takenmonitored,1
mendez,1
wheelchairhe,1
wanderer,1
kumru,1
differentiate,1
hdx,1
peeling,1
pred,1
rare,1
relaxer,1
systemic,1
radicular,1
ears,1
t,1
mirabilis,1
race,1
failed,1
presumptive,1
outlet,1
douglas,1
karauth,1
saldy,1
nod,1
proper,1
dalianis,1
education,1
cystogram,1
r,1
subdural,1
saivan,1
tomhe,1
ambulantnil,1
lp,1
squeeze,1
strecke,1
expected,1
inhalant,1
deakin,1
hypercalcemia,1
francis,1
gently,1
humid,1
dysmenorrhea,1
impingement,1
vasculature,1
oxyhemoglobin,1
eva,1
organise,1
ir,1
malposition,1
rat,1
hyperlipidemic,1
opinion,1
rejection,1
postsurgically,1
pathologist,1
nuclear,1
clonazepam,1
ultimately,1
scrotum,1
pastoral,1
trizivir,1
mallampati,1
lately,1
sac,1
christina,1
yvonne,1
persist,1
naomi,1
malignant,1
extensor,1
littlewoord,1
connor,1
confirm,1
operate,1
levoxyl,1
executive,1
neutropenic,1
snf,1
lima,1
pin,1
metformin,1
aorta,1
fasilia,1
claritin,1
adlshave,1
anteriorly,1
yethe,1
conduit,1
polysporin,1
cheap,1
miele,1
denture,1
difference,1
stiffness,1
gibson,1
picc,1
nasonex,1
uncomfortable,1
barry,1
adriamycin,1
marijuana,1
prevacid,1
crush,1
ecchymosis,1
retired,1
lifted,1
klebsiella,1
urgently,1
ferraro,1
paraventral,1
rarely,1
toprol,1
ramzi,1
accept,1
various,1
presently,1
digital,1
turning,1
earshe,1
serving,1
floater,1
assess,1
concomitant,1
synalar,1
sanner,1
physiotherapist,1
raymond,1
inflame,1
normalize,1
patchy,1
florey,1
roomshe,1
hypopnea,1
questioning,1
helmet,1
presence,1
best,1
veteran,1
ramil,1
trip,1
diuresis,1
toxic,1
injured,1
log,1
phlebotomy,1
avastin,1
similarly,1
stricture,1
selander,1
nephrologist,1
insitu,1
intrinsic,1
straining,1
process,1
bayonet,1
cefazolin,1
san,1
soap,1
beneficial,1
salve,1
battery,1
withiin,1
hemorrhoid,1
aortobifemoral,1
continuation,1
markedly,1
eater,1
outbreak,1
noble,1
desats,1
granuloma,1
nephrosis,1
adenosarcoma,1
predischarge,1
maorere,1
usuals,1
macrobid,1
veerarghavan,1
lymphocytic,1
formal,1
jaundiced,1
catch,1
tummy,1
brachioradialis,1
pant,1
vasquez,1
barlow,1
dryness,1
cystotomy,1
hattarai,1
phospate,1
determination,1
lowest,1
discoloration,1
bacod,1
bridge,1
sedentary,1
antonio,1
pamela,1
perla,1
needed,1
endarterectomy,1
eventhough,1
han,1
elli,1
refrain,1
arixtra,1
khan,1
lethargic,1
tubular,1
heaviness,1
advair,1
ammonia,1
heat,1
basilar,1
sweaty,1
successfully,1
hiv,1
skeletal,1
panic,1
chance,1
substantial,1
scant,1
roughly,1
lymphedema,1
monocryl,1
hopeful,1
project,1
mania,1
cuypers,1
membrane,1
gerard,1
gastroenterologic,1
repletion,1
geller,1
paf,1
grape,1
phenergan,1
vibratory,1
cambrdge,1
azithromycin,1
pink,1
proprioception,1
box,1
cefepime,1
extensively,1
girl,1
hugh,1
approve,1
papule,1
en,1
constantino,1
dilate,1
vries,1
interventional,1
thirst,1
saturday,1
caringhe,1
nguyen,1
bitshe,1
kcl,1
document,1
yrsold,1
todayhe,1
serum,1
ellen,1
button,1
doest,1
profile,1
genital,1
concur,1
medtronic,1
isolate,1
kambouris,1
sweet,1
iia,1
succeed,1
immunization,1
topically,1
commode,1
drawn,1
airline,1
lbs,1
sometime,1
kegel,1
eeg,1
roll,1
hygiene,1
acetyl,1
bloody,1
opportunistic,1
learn,1
holiday,1
arousal,1
wrong,1
arouse,1
fear,1
changesongoing,1
adlsshes,1
kemble,1
preserve,1
garran,1
combivent,1
cortisone,1
transition,1
tarka,1
milotov,1
preoperative,1
affordable,1
aleve,1
cris,1
maccay,1
graphesthesia,1
marshall,1
choke,1
lifter,1
hypoxic,1
criterion,1
aggressively,1
intraoperative,1
jerry,1
mendis,1
cyclosporine,1
push,1
death,1
emg,1
patellar,1
meniscus,1
intraocular,1
protonix,1
medicate,1
essentially,1
emotional,1
arthroscopy,1
touch,1
ngyen,1
reluctant,1
ivabs,1
carey,1
knob,1
vincent,1
thereafter,1
authenticate,1
debilitation,1
latex,1
continuously,1
refresh,1
orif,1
capsule,1
palpate,1
black,1
fortunately,1
sclerosis,1
cramp,1
correlation,1
auer,1
attempt,1
penile,1
martin,1
treen,1
birth,1
neurovascularly,1
pda,1
inch,1
murphy,1
hyperkeratotic,1
pesce,1
empyema,1
radioactive,1
screening,1
intrauterine,1
speculum,1
dtic,1
bert,1
clemens,1
historically,1
protect,1
obtuse,1
demonstrative,1
maijer,1
donehe,1
ph,1
remind,1
florinef,1
momentary,1
microgram,1
murdoch,1
lewis,1
drooping,1
polyneuropathy,1
ambulance,1
ski,1
magnesia,1
dictated,1
hyperkalemia,1
presumably,1
plateaued,1
thrombus,1
extenders,1
otic,1
hughes,1
alkaline,1
stabilized,1
fingersticks,1
brends,1
folate,1
jefferies,1
lovely,1
gab,1
oncologist,1
zoloft,1
celery,1
pepto,1
rom,1
grand,1
rabia,1
milano,1
parker,1
opacity,1
nap,1
symptomatically,1
annual,1
brush,1
passive,1
pearly,1
keyboard,1
apgar,1
surgerynil,1
imf,1
kim,1
intracardiac,1
wu,1
mondy,1
minimally,1
glenoid,1
erratic,1
inferior,1
outside,1
nourish,1
rhinitis,1
hypercapnia,1
institution,1
fashion,1
informed,1
pma,1
origin,1
severely,1
parathyroid,1
opt,1
randomize,1
incidence,1
oophorotomy,1
nostril,1
lability,1
drughe,1
dwyer,1
folliculitis,1
ace,1
anterolaterally,1
nitrite,1
hughesotherwise,1
provider,1
tubal,1
plug,1
decease,1
pathway,1
minimum,1
phenomenon,1
lungs,1
emphysema,1
yang,1
nonfocal,1
amit,1
tachypnea,1
crepitation,1
diskitis,1
valium,1
rinse,1
chamber,1
tamponade,1
laparotomy,1
television,1
description,1
pap,1
collect,1
driving,1
las,1
toes,1
former,1
dehydration,1
varix,1
chop,1
pmongoing,1
diuresed,1
jakobs,1
brenner,1
investigative,1
hypertrophy,1
scattered,1
top,1
em,1
insert,1
prosthesis,1
frusemide,1
pediatric,1
code,1
barbara,1
onc,1
hospice,1
teaching,1
single,1
bruit,1
urineand,1
edwin,1
frequent,1
prefer,1
goiter,1
adnexa,1
kosgei,1
ventral,1
methypredisolone,1
unlikely,1
perioperative,1
fei,1
bacterial,1
clubbing,1
apneic,1
fails,1
brighty,1
paranoid,1
diaphoresis,1
thrombolysis,1
castro,1
bending,1
bloodless,1
user,1
fine,1
stoneshe,1
definitely,1
penetrate,1
hades,1
fang,1
craze,1
functional,1
delusion,1
canning,1
lobar,1
chip,1
focus,1
pseudoaneurysm,1
atherosclerotic,1
tertiary,1
jacket,1
moses,1
genuine,1
bicarbonate,1
mutation,1
lily,1
raised,1
mets,1
skill,1
impact,1
suspicion,1
conduction,1
crusting,1
angelika,1
tilney,1
lucy,1
irs,1
appoint,1
janet,1
myelofibrosis,1
absotherwise,1
immunosuppression,1
behind,1
chowne,1
emergent,1
owen,1
pfaff,1
ring,1
component,1
crepitus,1
posture,1
karin,1
invasion,1
pit,1
paraneoplastic,1
dd,1
cvp,1
adenoidal,1
cesarean,1
circulation,1
granddaughter,1
voidquery,1
stephen,1
incisional,1
periprostatic,1
evangelia,1
frozen,1
struggle,1
meq,1
sling,1
resonance,1
torso,1
funduscopic,1
acceptable,1
tethered,1
neckline,1
reassure,1
urological,1
ethmoid,1
affect,1
cystic,1
droop,1
judge,1
os,1
truncate,1
thace,1
buntine,1
hyperdefecation,1
thick,1
airnil,1
mel,1
normally,1
directed,1
nfr,1
douloureux,1
bronchospams,1
bind,1
kneel,1
ointment,1
palma,1
triglycerides,1
involved,1
pharynx,1
muscular,1
evelina,1
anaphylaxis,1
cystectomy,1
axilla,1
q,1
pharmacyseen,1
jugular,1
daniel,1
influence,1
direction,1
altace,1
freely,1
gavin,1
podiatry,1
pharyngitis,1
deferred,1
presyncopal,1
gastroc,1
mastectomy,1
impaired,1
nontrivial,1
instructed,1
fahrenheit,1
cannulate,1
humphrey,1
sciatic,1
fifth,1
vre,1
pedialyte,1
nonoperatively,1
scotland,1
whyte,1
alignment,1
litre,1
spleen,1
mylanta,1
hanley,1
dispensed,1
intravascular,1
cecilia,1
constantly,1
underneath,1
periodically,1
mate,1
tap,1
retention,1
meniscectomy,1
holder,1
analgesic,1
ventola,1
wife,1
bony,1
jerk,1
normocytic,1
caringmorbidly,1
bell,1
assistancepatient,1
roomstill,1
sparingly,1
hungry,1
pterygium,1
wang,1
lesions,1
bglsneed,1
interossei,1
decannulate,1
nodularity,1
renata,1
progression,1
nearly,1
pedicle,1
miss,1
supper,1
fluctuate,1
depakene,1
segment,1
mexico,1
anytime,1
intacttolerating,1
tandem,1
adolescent,1
tonsillar,1
injure,1
mari,1
okkas,1
safely,1
driver,1
habit,1
desirable,1
malfunction,1
ramon,1
vietnamese,1
sarith,1
anemic,1
nondistended,1
nonweightbearing,1
juice,1
reviewnil,1
real,1
exceptionally,1
hawk,1
loratadine,1
kaopectate,1
websites,1
petechial,1
pollen,1
fosamax,1
reevaluate,1
aldactone,1
maternal,1
script,1
preservative,1
terry,1
spent,1
croudance,1
empirically,1
restrictive,1
needle,1
facilitate,1
tone,1
sgot,1
salt,1
lap,1
sally,1
grams,1
thurs,1
rotator,1
frustration,1
liaise,1
richard,1
lampiri,1
client,1
dilaudid,1
gartrid,1
subsequent,1
diana,1
strokeso,1
psychomotor,1
canal,1
maxillary,1
cranial,1
disrupt,1
chorioamnionitis,1
zilin,1
handover,1
orientation,1
glucometer,1
upstroke,1
vary,1
anteroinferior,1
sarika,1
spastic,1
spondylolysis,1
sell,1
dynamic,1
demand,1
addiction,1
penis,1
dorothy,1
spit,1
femara,1
adhesive,1
reconsult,1
notedhe,1
flomax,1
neglect,1
kansa,1
zyvox,1
clearly,1
fish,1
anyway,1
inpatient,1
gestation,1
arise,1
perineum,1
house,1
drinking,1
abdominopelvic,1
macula,1
remainder,1
philips,1
diameter,1
conway,1
lubricate,1
noncontrast,1
niddm,1
procrit,1
tie,1
longstanding,1
nephrology,1
weekso,1
usually,1
wellstable,1
phimosis,1
pasta,1
thicken,1
obvious,1
radiograph,1
resistance,1
gardening,1
postsurgical,1
torticollis,1
mcg,1
neb,1
cerebellar,1
flare,1
atrium,1
eighth,1
felon,1
mini,1
cardura,1
shellfish,1
wind,1
merely,1
reconstruction,1
coherent,1
discus,1
lisa,1
cabin,1
seek,1
yale,1
tapazole,1
disappear,1
thanksgiving,1
towards,1
ileostomy,1
dnr,1
jan,1
isaac,1
connie,1
lifetime,1
cease,1
ptt,1
traditional,1
dou,1
behavioral,1
pulmonology,1
blockage,1
contraceptive,1
lastly,1
nosebleed,1
polyp,1
cyclobenzaprine,1
surroundings,1
echocardiographic,1
supraclavicular,1
cialis,1
neurovascular,1
dihydroergotamine,1
loosening,1
weighs,1
bicuspid,1
oa,1
specialist,1
trop,1
counseling,1
reschedule,1
consideration,1
busy,1
indomethacin,1
carrot,1
sharp,1
matter,1
draining,1
revision,1
therapist,1
homicidal,1
cns,1
immature,1
localization,1
linda,1
pavlov,1
perforated,1
faun,1
sided,1
confrontation,1
synephrine,1
kerr,1
granulomatous,1
suprahilar,1
puree,1
jaw,1
nodes,1
brow,1
rajeev,1
unasyn,1
keppra,1
september,1
psychiatrist,1
trialling,1
orthopedics,1
handle,1
lipomyomeningocele,1
influenza,1
clinis,1
sorry,1
dylan,1
boluses,1
attentive,1
esmolol,1
accidentally,1
scd,1
suffer,1
spirometry,1
od,1
zetia,1
ex,1
qiongkai,1
basketball,1
childhood,1
insight,1
coli,1
beach,1
download,1
subendocardial,1
yetshe,1
darkened,1
resistive,1
dar,1
superior,1
patch,1
dietneed,1
indeed,1
ocd,1
terbutaline,1
suspension,1
peg,1
baylis,1
vanc,1
traffic,1
resting,1
cll,1
schizophrenia,1
dilatation,1
pretracheal,1
rivett,1
nexium,1
making,1
nifedipine,1
sunday,1
durra,1
twist,1
clindamycin,1
soaking,1
medially,1
uptransport,1
sleepiness,1
iby,1
hot,1
forget,1
hodgins,1
agent,1
changesall,1
glucophage,1
soar,1
stephenson,1
andd,1
halcion,1
retinopathy,1
myelogram,1
prednisolone,1
stimulus,1
definitive,1
sc,1
uremic,1
tend,1
bismol,1
partner,1
hypoxemic,1
decompress,1
selfcaring,1
anyways,1
dissection,1
phillippe,1
hall,1
parapharyngeal,1
sarah,1
rahman,1
mobic,1
cavalier,1
periaortic,1
oak,1
pleurodesis,1
extraction,1
bout,1
pollens,1
delay,1
megace,1
deathly,1
furosemide,1
tourniquet,1
stellan,1
operative,1
mobilise,1
anti,1
principal,1
vast,1
ecog,1
refined,1
cap,1
pediatrician,1
andy,1
transpleural,1
anybody,1
shen,1
perfuse,1
tricor,1
temworth,1
colitis,1
desaturations,1
apartment,1
torres,1
riskshe,1
tach,1
prep,1
pleased,1
klonopin,1
overseas,1
thymoglobulin,1
axis,1
localize,1
disruption,1
regurgitation,1
japanese,1
gas,1
preemie,1
timesall,1
intravenous,1
karnofsky,1
cysto,1
hnp,1
upgraded,1
lump,1
endocrinologist,1
location,1
partial,1
baldwin,1
pancreatitis,1
postprocedure,1
shot,1
succeeding,1
perihilar,1
duration,1
excoriation,1
assay,1
metronidazole,1
many,1
mb,1
rx,1
reestablish,1
mastoiditis,1
household,1
awhile,1
paganus,1
johnsson,1
certificate,1
submit,1
tricia,1
club,1
caro,1
needing,1
erectile,1
convince,1
holt,1
awoke,1
fusion,1
fibroglandular,1
k,1
valtrex,1
sufficiently,1
depo,1
bannister,1
traumahe,1
snoring,1
reviewsand,1
hildi,1
thumb,1
insensate,1
supportive,1
unwilling,1
arnold,1
wen,1
watcher,1
serology,1
aristocort,1
deviated,1
tic,1
nebuliser,1
pleasantly,1
mckenzie,1
responsive,1
gadaranade,1
archuleta,1
cortex,1
bread,1
entire,1
exclude,1
everyday,1
nature,1
ian,1
distention,1
field,1
thani,1
vaccine,1
martinez,1
enrol,1
pyeonephritis,1
capillary,1
reject,1
bimanual,1
chlorthalidone,1
morphine,1
appliance,1
scott,1
modality,1
vitreous,1
rob,1
pallor,1
directive,1
steady,1
uncomplicated,1
hemiabdomen,1
timoptic,1
whole,1
humalog,1
college,1
clonus,1
assure,1
orthopedist,1
trang,1
undetectable,1
hpn,1
sacrum,1
mario,1
pmhe,1
compatible,1
charted,1
burn,1
lenalidomide,1
reflect,1
engener,1
posttransfusion,1
bulk,1
bunion,1
gusto,1
radiological,1
packing,1
prompt,1
cleanness,1
menu,1
suggestion,1
pro,1
genetic,1
ep,1
saturate,1
metoprolol,1
adenoidectomy,1
viagra,1
zhu,1
antivert,1
strengthen,1
ann,1
environmental,1
building,1
word,1
psychiatric,1
preterm,1
entirely,1
abbott,1
simply,1
thought,1
elocon,1
optic,1
hale,1
bumex,1
polyps,1
dilantin,1
lotensin,1
penny,1
healthsouth,1
thromboembolic,1
deviation,1
protuberant,1
fluctuance,1
height,1
advanced,1
awaiting,1
issuesobs,1
swim,1
transrectal,1
understood,1
hemianopsia,1
omnicef,1
decompensation,1
enteritis,1
faslodex,1
obviously,1
normochromic,1
eps,1
glass,1
solid,1
accounting,1
mullerian,1
crescent,1
arithi,1
visible,1
matichuk,1
innocent,1
gibbs,1
colla,1
gland,1
mrs,1
camden,1
significance,1
book,1
difficultly,1
forward,1
outline,1
septic,1
lamictal,1
droplet,1
similarity,1
luvox,1
lysed,1
unnecessary,1
osteoporosis,1
asha,1
otherswise,1
ali,1
repeatedly,1
hydration,1
stat,1
fluoxetine,1
adlswith,1
tape,1
subside,1
hafsa,1
chek,1
arlet,1
ileal,1
fluttering,1
december,1
exercising,1
distance,1
overt,1
represent,1
psychological,1
bloodsall,1
syncope,1
chan,1
cetaphil,1
suppository,1
noontime,1
nicotine,1
myeloproliferative,1
tran,1
exposure,1
farber,1
paracentral,1
hepatosplenomegaly,1
aline,1
suicide,1
intractable,1
concrete,1
tightness,1
streaky,1
cautery,1
vagina,1
psychosis,1
ardmore,1
palliative,1
si,1
urge,1
trachea,1
capacity,1
sonogram,1
unless,1
belinda,1
circumcise,1
ferguson,1
pick,1
asbestos,1
psas,1
tolerating,1
hill,1
miller,1
observation,1
consultant,1
o,1
jang,1
dunne,1
silver,1
guaiac,1
flap,1
mitral,1
afraid,1
decannulation,1
samples,1
inner,1
esr,1
puffer,1
film,1
rapidly,1
wilson,1
controlled,1
weaning,1
mobilize,1
mainly,1
replete,1
extract,1
mattering,1
neural,1
presumptively,1
prolong,1
clearance,1
estep,1
wichita,1
diani,1
urologist,1
xl,1
nsaid,1
participate,1
phenobarbitone,1
laterally,1
nursery,1
pharyngeal,1
conflicting,1
parkinson,1
ami,1
emphasize,1
crushed,1
educate,1
varner,1
laceration,1
zitzner,1
transsphenoidal,1
cyctic,1
ngt,1
herath,1
block,1
epistaxis,1
medically,1
pierce,1
temp,1
contain,1
planner,1
unbound,1
fantastic,1
sisley,1
proton,1
cognitive,1
abrupt,1
rebound,1
millan,1
munson,1
somehow,1
clonic,1
inappropriate,1
stair,1
sounded,1
labile,1
endometrial,1
intensity,1
multifidus,1
premarin,1
specimen,1
bm,1
effectnil,1
atrovent,1
paranoia,1
toradol,1
nicu,1
growth,1
uncertain,1
wasp,1
scooter,1
orthopnea,1
pharmacistsnil,1
vent,1
toy,1
defer,1
dietician,1
verbalize,1
raising,1
pursue,1
indicative,1
asymmetry,1
amylase,1
pathwayresponding,1
migraine,1
balloon,1
techniques,1
cystoscopy,1
web,1
tinnitus,1
mouthwash,1
nondisplaced,1
digestive,1
linnea,1
transurethral,1
evenly,1
degenerate,1
surround,1
nualart,1
stuart,1
chanson,1
justin,1
problematic,1
friend,1
dictate,1
yen,1
perceive,1
ursodiol,1
tibialis,1
pigment,1
recognize,1
byetta,1
slender,1
fammy,1
bottle,1
cocktail,1
cup,1
zosyn,1
cigarettes,1
caverject,1
nonoperative,1
fund,1
baltimore,1
percussion,1
wally,1
pancytopenic,1
medchart,1
mucosal,1
mobilization,1
ems,1
exacerbate,1
padsotherwise,1
autologous,1
expiration,1
paresthesia,1
proceeded,1
sterile,1
mind,1
discontinuation,1
crepitance,1
visualize,1
carr,1
bekerley,1
candidal,1
maculopapular,1
ivig,1
redden,1
pregnant,1
questionable,1
sundowner,1
subcuticular,1
person,1
allright,1
pons,1
dermatologic,1
insect,1
feosol,1
zhang,1
thinda,1
breakthrough,1
retake,1
exquisite,1
endocrinology,1
indwell,1
deformity,1
qualify,1
perera,1
climb,1
street,1
fax,1
mirand,1
else,1
shaving,1
nonicteric,1
unusual,1
donald,1
obstipation,1
xie,1
retinal,1
candidate,1
paula,1
macular,1
extubation,1
patterson,1
encouraged,1
tool,1
hydrochlorothiazide,1
realistic,1
unwell,1
brighton,1
bart,1
gastroenterology,1
dysmorphic,1
hb,1
inhale,1
elaborate,1
tonsillectomy,1
follicular,1
adequately,1
postprandial,1
anatomy,1
efficaciously,1
itnil,1
heard,1
kroh,1
pex,1
preop,1
antiembolic,1
vldl,1
haemmorrhagic,1
angiography,1
minister,1
bronchiolitis,1
remarkably,1
bmp,1
worsening,1
kid,1
dinner,1
qod,1
remicade,1
pinholing,1
xue,1
lyon,1
constitutional,1
combine,1
hoarse,1
empirical,1
expiratory,1
accidentshe,1
item,1
anymore,1
ivfs,1
haemo,1
benazepril,1
facet,1
ileus,1
duricef,1
meatheringham,1
contraindication,1
impossible,1
absolute,1
bextra,1
aftercare,1
checklist,1
christoffer,1
arimidex,1
hoffmann,1
inhalation,1
aesthetic,1
exposurestill,1
fatigued,1
observe,1
hyperemia,1
breakfast,1
vancomycin,1
slip,1
tapered,1
lengthy,1
severity,1
consequently,1
erythromycin,1
kumar,1
atrophic,1
pepcid,1
recovery,1
mucositis,1
enema,1
thamy,1
brca,1
achieve,1
rec,1
electrocardiographic,1
arrythmia,1
ken,1
diuretic,1
injurystill,1
gown,1
bike,1
lactic,1
expect,1
relative,1
drip,1
logan,1
crack,1
natriuretic,1
lymphocyte,1
pronounce,1
critically,1
instability,1
induration,1
burst,1
blocker,1
clark,1
alarmed,1
gamnadutha,1
filter,1
ponomarev,1
hyperplasia,1
