of,1357
in,1036
with,1009
for,838
patient,783
on,702
at,481
dr,442
old,363
come,352
day,300
pain,300
history,296
discharge,291
that,258
blood,248
as,240
time,234
mg,230
well,204
stable,180
also,178
yr,176
week,161
by,161
see,157
present,157
today,157
need,156
from,155
follow,149
continue,146
review,145
plan,145
give,143
still,138
medication,134
hospital,133
x,132
year,130
right,129
normal,129
care,125
one,124
admission,117
take,116
diet,112
back,111
home,111
past,110
get,110
disease,109
go,101
female,101
daily,100
pressure,95
hour,94
two,94
course,93
followup,91
do,91
bed,90
per,89
last,89
acute,86
weight,86
if,83
ob,82
room,81
sign,81
improve,81
without,80
admit,80
rate,79
physical,79
good,79
after,79
fever,79
month,79
respiratory,78
chest,78
return,78
lung,77
note,77
self,76
low,74
ago,74
about,73
therapy,73
over,72
problem,72
clear,71
start,71
po,71
tolerate,70
heart,70
vital,70
show,70
three,70
fluid,69
left,67
shortness,67
male,66
negative,66
use,65
would,64
renal,64
pound,64
general,64
sleep,64
breath,63
than,63
chronic,62
change,62
otherwise,62
examination,61
allergy,61
medical,61
report,61
complaint,60
nil,60
ambulant,60
however,60
state,60
prior,59
hypertension,59
diagnosis,58
white,58
office,58
neck,57
count,57
issue,57
surgery,55
diagnose,55
condition,55
system,54
secondary,54
xyz,54
every,54
work,54
increase,54
difficulty,54
ct,54
morning,54
extremity,54
visit,53
discuss,53
status,53
activity,53
may,52
ray,52
level,51
procedure,51
treatment,51
post,51
approximately,51
diabetes,50
new,50
like,50
head,49
assessment,49
temperature,49
meal,48
eat,48
pulse,48
night,47
deny,47
symptom,47
assist,47
during,47
feel,46
since,46
make,46
next,46
pulmonary,45
severe,45
knee,45
leg,45
within,45
call,45
due,44
doctor,44
failure,44
significant,44
illness,44
subjective,44
infection,43
result,43
think,43
perform,43
test,43
control,43
foot,42
rest,42
wound,42
dose,42
high,42
urine,42
leave,41
biopsy,41
instruction,41
study,41
current,41
ongoing,41
emergency,40
nasal,40
bowel,40
cell,40
much,40
edema,40
cancer,40
nausea,40
cardiac,40
know,39
query,39
abdominal,39
treat,39
iv,39
appear,38
upper,38
include,38
prn,38
remain,38
multiple,37
clinic,37
hemoglobin,37
seem,37
family,37
management,37
unit,37
team,37
receive,37
under,37
culture,37
await,37
able,37
headache,36
place,36
evaluation,36
because,36
sugar,35
regular,35
tablet,35
decrease,35
scan,35
urinary,34
full,34
check,34
exam,34
transfer,34
cough,34
postoperative,34
unremarkable,33
bilaterally,33
reason,33
vomit,33
coronary,33
little,33
stage,32
anemia,32
recommend,32
depression,32
laboratory,32
point,32
function,32
say,31
oral,31
antibiotic,31
pending,31
surgical,31
pneumonia,31
bilateral,31
appointment,31
obtain,31
type,31
auscultation,30
kidney,30
afebrile,30
pleasant,30
saturation,30
so,30
obstructive,30
reveal,30
congestive,30
side,30
instruct,30
tell,30
bid,30
outpatient,30
injury,30
complete,30
fracture,29
distress,29
soft,29
order,29
require,29
tom,29
total,29
social,29
complain,29
elevate,29
previous,29
chart,28
abc,28
minute,28
find,28
age,28
mild,28
insulin,28
creatinine,28
med,28
four,28
first,27
out,27
really,27
several,27
small,27
skin,27
throughout,27
positive,27
brain,27
calorie,27
great,27
schedule,27
caring,27
refer,27
effect,27
carbohydrate,27
long,27
hip,27
chill,26
data,26
evaluate,26
hematocrit,26
six,26
risk,26
initially,26
concern,26
tube,26
open,26
progress,25
alert,25
drug,25
mass,25
less,25
resolve,25
intact,25
regard,25
medicine,25
above,25
physician,25
additional,25
artery,24
yet,24
felt,24
mri,24
walk,24
atrial,24
platelet,24
mouth,24
while,24
diarrhea,24
glucose,24
stay,24
help,24
recent,24
mother,24
oxygen,24
liver,24
consultation,23
quite,23
consult,23
contact,23
mellitus,23
bit,23
try,23
possible,23
hand,23
until,23
repeat,23
abdomen,23
yesterday,23
recommendation,23
later,23
hospitalization,22
recently,22
chief,22
investigation,22
rhythm,22
air,22
food,22
question,22
range,22
rash,22
couple,22
prostate,22
before,22
lab,22
area,22
asthma,21
through,21
into,21
swell,21
limit,21
stenosis,21
shoulder,21
nursing,21
sinus,21
lose,21
cause,21
prong,21
send,21
fall,20
five,20
breast,20
adls,20
ambulate,20
advise,20
disorder,20
want,20
loss,20
likely,20
twice,20
eye,20
shift,19
tract,19
stop,19
stool,19
refill,19
objective,19
ekg,19
monitor,19
throat,19
none,19
keep,19
u,19
date,19
abcd,19
maintain,18
evidence,18
disposition,18
decide,18
ask,18
might,18
between,18
dizziness,18
moderate,18
strength,18
bring,18
complication,18
copd,18
discontinue,18
apparently,18
upon,18
muscle,18
husband,18
could,18
episode,18
develop,18
remove,17
syndrome,17
afternoon,17
neuro,17
tenderness,17
obs,17
respiration,17
stent,17
fat,17
protein,17
nontender,17
speech,17
diabetic,17
probably,17
prescription,17
number,17
relief,17
murmur,17
spinal,17
arm,17
stress,16
although,16
exacerbation,16
feed,16
heent,16
woman,16
bleed,16
apnea,16
overall,16
look,16
medial,16
weakness,16
baby,16
psa,16
sound,16
drain,16
goal,16
encourage,16
heal,16
consider,16
cbc,16
gi,16
inr,16
anything,15
free,15
pump,15
ml,15
exercise,15
dry,15
bone,15
record,15
improvement,15
currently,15
bun,15
impression,15
carotid,15
request,15
finding,15
operating,15
anxiety,15
breathe,15
previously,15
short,15
health,15
g,15
sweat,15
degree,15
rehabilitation,15
allergies,15
amount,15
bad,15
round,15
information,15
monitoring,15
minimal,15
hold,15
undergo,15
increased,15
support,15
service,15
c,14
meantime,14
cervical,14
chemotherapy,14
discussion,14
ultrasound,14
nurse,14
qid,14
coumadin,14
close,14
echocardiogram,14
abnormality,14
somewhat,14
period,14
underwent,14
routine,14
dvt,14
cpap,14
another,14
contrast,14
liquid,14
fibrillation,14
provide,14
cyst,14
placement,14
spine,14
regimen,14
cardiovascular,14
term,13
hepatitis,13
add,13
dyspnea,13
stroke,13
relate,13
gentleman,13
potassium,13
visual,13
summary,13
pathology,13
agree,13
appetite,13
occasional,13
lymphadenopathy,13
constipation,13
effusion,13
especially,13
demonstrate,13
subsequently,13
workup,13
begin,13
echo,13
fixation,13
understand,13
stand,13
non,13
primary,13
cm,13
please,13
internal,13
ecg,13
lot,13
lesion,13
live,13
off,13
pattern,13
scale,13
iron,13
adenopathy,13
cycle,13
half,13
bleeding,13
hysterectomy,13
child,13
initial,12
adjustment,12
even,12
assistance,12
mr,12
score,12
july,12
drink,12
tsh,12
planning,12
bladder,12
transplant,12
resume,12
daytime,12
obstruction,12
recheck,12
sheet,12
bypass,12
aspirin,12
gastroesophageal,12
slightly,12
systolic,12
talk,12
drop,12
red,12
degenerative,12
pm,12
daughter,12
alcohol,12
supple,12
discomfort,12
man,12
cholesterol,12
motion,12
drainage,12
referral,12
second,12
prophylaxis,12
accident,12
hypothyroidism,12
aggressive,12
wait,12
known,11
nose,11
toe,11
reflux,11
appropriate,11
end,11
brief,11
prednisone,11
center,11
light,11
manage,11
incision,11
list,11
seven,11
facial,11
notice,11
site,11
gain,11
plus,11
lasix,11
transfusion,11
large,11
snack,11
consent,11
around,11
abuse,11
methotrexate,11
certainly,11
node,11
epilepsy,11
grade,11
intensive,11
sit,11
bp,11
put,11
therefore,11
colonoscopy,11
reactive,11
living,11
fatigue,11
lateral,11
dietary,11
tobacco,11
third,10
grossly,10
active,10
dysfunction,10
steroid,10
band,10
independently,10
palpable,10
become,10
sample,10
obesity,10
floor,10
actually,10
urinalysis,10
pelvic,10
allergic,10
unable,10
femoral,10
nocturia,10
thyromegaly,10
gc,10
pleural,10
caucasian,10
via,10
basis,10
smoker,10
tissue,10
lymphoma,10
tire,10
dos,10
mention,10
describe,10
musculoskeletal,10
movement,10
cellulitis,10
mid,10
osteoarthritis,10
available,10
sputum,10
removal,10
calcium,10
pill,10
wean,10
smoke,10
meet,10
urology,10
advance,10
fact,10
void,10
vomiting,10
swallow,10
panel,10
relatively,10
okay,10
cardiology,10
elevated,10
bgl,10
got,9
addition,9
fairly,9
option,9
pretty,9
op,9
operation,9
establish,9
albuterol,9
father,9
seizure,9
run,9
factor,9
compression,9
peripheral,9
frequently,9
bronchitis,9
dressing,9
line,9
arthroplasty,9
background,9
friday,9
penicillin,9
already,9
nerve,9
ounce,9
base,9
debridement,9
gram,9
awake,9
monday,9
ivc,9
benefit,9
reading,9
exertion,9
mom,9
rule,9
recover,9
myocardial,9
wheeze,9
ii,9
confusion,9
intermittent,9
vaginal,9
b,9
final,9
stone,9
comfortable,9
screw,9
painful,9
continued,9
set,9
worsen,9
detail,9
reduce,9
explain,9
incontinent,9
injection,9
american,9
xray,9
measure,9
insufficiency,9
recurrent,9
yrs,9
dementia,9
clinically,9
gastrointestinal,9
saw,9
cut,9
ward,9
orient,8
face,8
brother,8
precaution,8
joint,8
august,8
onset,8
elbow,8
suggest,8
airway,8
deficiency,8
average,8
qam,8
plateau,8
congestion,8
anxious,8
write,8
gastric,8
intubate,8
infant,8
something,8
wave,8
hyperlipidemia,8
saline,8
water,8
pedal,8
balance,8
slow,8
carcinoma,8
thyroid,8
smoking,8
bgls,8
up,8
lunch,8
feeding,8
diary,8
early,8
unchanged,8
slowly,8
duct,8
thrombosis,8
postoperatively,8
abnormal,8
session,8
dialysis,8
tomorrow,8
aspect,8
versus,8
bipap,8
worker,8
usual,8
finger,8
bedtime,8
move,8
epigastric,8
uti,8
turn,8
following,8
infarction,8
loose,8
ldl,8
consistent,8
venous,8
cream,8
though,8
consume,8
ot,8
pregnancy,8
case,8
medrol,8
wheely,8
disc,8
insertion,8
parent,8
spend,8
occur,7
dress,7
breathing,7
coreg,7
laparoscopic,7
slide,7
eight,7
fell,7
additionally,7
replacement,7
silva,7
draw,7
denies,7
voice,7
ahead,7
infusion,7
vitamin,7
nothing,7
ejection,7
cardiologist,7
toenail,7
tan,7
main,7
liu,7
anterior,7
rhonchi,7
hemodialysis,7
arrange,7
scar,7
mammogram,7
bilirubin,7
group,7
walker,7
equal,7
dysphagia,7
finally,7
nourished,7
allow,7
resection,7
postop,7
aspiration,7
gradually,7
l,7
extensive,7
cholecystectomy,7
ability,7
ed,7
hr,7
enzyme,7
abdo,7
mental,7
h,7
tumor,7
evening,7
spike,7
palpitation,7
lymph,7
reveals,7
cystoscopy,7
extra,7
respond,7
gastroenteritis,7
adjust,7
future,7
irrigation,7
de,7
machine,7
plate,7
thing,7
serving,7
lady,7
hurt,7
smith,7
digoxin,7
parietal,7
school,7
cold,7
pelvis,7
levaquin,7
hypercholesterolemia,7
whether,7
wear,7
performance,7
aware,7
lobe,7
believe,7
skilled,7
neurological,7
lumbar,7
prescribe,7
vitals,7
response,7
m,7
reaction,7
frequency,7
valve,7
abscess,7
ulcer,7
cataract,7
tympanic,7
attack,7
gradual,7
satisfactory,7
unknown,7
brace,7
baseline,7
prolonged,7
late,7
indication,6
acuity,6
thorax,6
breakfast,6
neuropathy,6
metabolic,6
situation,6
prevention,6
unfortunately,6
far,6
heavy,6
wheezing,6
suspect,6
many,6
albumin,6
hematuria,6
access,6
rrb,6
embolism,6
intake,6
infectious,6
jaime,6
cannula,6
therapeutic,6
bruits,6
adequate,6
ace,6
icu,6
rehab,6
dosage,6
acquire,6
oncology,6
symptomatic,6
cancel,6
mi,6
never,6
except,6
regularly,6
basically,6
refuse,6
intervention,6
slight,6
preoperatively,6
identify,6
ben,6
cerebral,6
novolog,6
methadone,6
hypotension,6
etiology,6
difficile,6
lisinopril,6
angiogram,6
infiltrate,6
metastatic,6
wbc,6
jackson,6
sore,6
physio,6
morgan,6
simple,6
fail,6
cabg,6
transurethral,6
flu,6
liter,6
cuff,6
completely,6
diagnostic,6
tendon,6
massive,6
lupus,6
preoperative,6
prostatic,6
hpi,6
fbc,6
earlier,6
hive,6
arrangement,6
weak,6
sudden,6
sensation,6
vascular,6
counsel,6
adderall,6
cord,6
substance,6
least,6
accord,6
middle,6
specific,6
distant,6
rub,6
menometrorrhagia,6
matthew,6
defect,6
married,6
tylenol,6
ng,6
similar,6
view,6
weigh,6
dysuria,6
normocephalic,6
trace,6
thigh,6
pacemaker,6
bactrim,6
correction,6
trauma,6
strict,6
tachycardia,6
benign,6
percocet,6
reflex,6
morbid,6
output,6
desire,6
sick,6
pre,6
enough,6
gastrostomy,6
different,6
maybe,6
facility,6
strep,6
thrill,6
attend,6
sulfa,6
cmp,6
f,6
sometimes,6
insomnia,6
cardiomyopathy,6
lie,6
sooner,6
dietician,6
repair,6
restriction,6
difficult,6
catheter,6
complex,6
situ,6
rapid,6
trial,6
sepsis,6
ready,6
ua,6
best,6
pull,6
humerus,6
block,6
initiate,6
npo,6
pack,6
dependent,6
tremor,6
hernia,6
psychiatrist,6
significantly,6
troponin,6
j,6
intrauterine,6
mrsa,6
lantus,6
packed,6
delivery,6
despite,6
nonsmoker,6
chair,6
april,6
numbness,6
deficit,6
young,6
disk,6
ischemic,6
av,6
lipitor,6
osteoporosis,6
read,6
pericardial,6
palpation,6
pa,6
graft,6
staff,5
soon,5
phone,5
clean,5
ligation,5
microinvasive,5
outside,5
fleming,5
possibly,5
plavix,5
poor,5
zocor,5
febrile,5
immediately,5
life,5
intractable,5
dark,5
ear,5
longer,5
experience,5
supply,5
tender,5
bedside,5
instead,5
egd,5
aortic,5
anesthesia,5
pap,5
hear,5
radiation,5
litre,5
ross,5
hemoptysis,5
double,5
supper,5
zithromax,5
suppose,5
bd,5
taper,5
mcdonald,5
qd,5
gravida,5
gestational,5
bear,5
fibroid,5
grow,5
e,5
ankle,5
vision,5
inch,5
colace,5
unresponsive,5
ulcerative,5
catheterization,5
pt,5
ratio,5
interstitial,5
hypoglycemia,5
diastolic,5
membrane,5
car,5
wall,5
doppler,5
stomach,5
mobility,5
ms,5
wrist,5
forearm,5
vessel,5
guide,5
milk,5
bound,5
size,5
garcia,5
mart,5
vancomycin,5
die,5
sure,5
progressively,5
decision,5
address,5
nonoperative,5
relieve,5
paul,5
vaccination,5
pca,5
midline,5
wart,5
empty,5
diazoxide,5
away,5
involve,5
posterior,5
spasm,5
atraumatic,5
bipolar,5
chemistry,5
avoid,5
random,5
basilar,5
rituxan,5
flagyl,5
switch,5
residual,5
cad,5
seek,5
intravenous,5
fundoplication,5
raise,5
noncontributory,5
march,5
vera,5
erythema,5
crackle,5
oxycodone,5
epidural,5
excellent,5
prognosis,5
interim,5
continuous,5
overload,5
nebulizer,5
urination,5
james,5
decline,5
atherosclerotic,5
hypoxia,5
orally,5
swollen,5
fasting,5
michael,5
para,5
stabilize,5
tongue,5
cc,5
productive,5
arrest,5
differential,5
ache,5
electrolyte,5
sister,5
willough,5
body,5
cholelithiasis,5
viral,5
vac,5
rat,5
position,5
atypical,5
bruit,5
oriented,5
value,5
finish,5
healthy,5
fast,5
cervix,5
mask,5
event,5
fruit,5
always,5
length,5
index,5
confuse,5
reduction,5
er,5
consults,5
decreased,5
part,5
moderately,5
rale,5
amputation,5
cmv,5
complicate,5
endocrine,5
exudate,5
compare,5
energy,5
teeth,5
endone,5
neurologic,5
antibody,5
insurance,5
arthritis,5
external,5
uterus,4
paresthesia,4
vegetable,4
drip,4
uneventful,4
bacteria,4
legs,4
bnp,4
below,4
magnesium,4
surgeon,4
thus,4
gait,4
lib,4
confused,4
andrew,4
adenocarcinoma,4
rocephin,4
image,4
mary,4
dur,4
cerebrovascular,4
k,4
gfr,4
xr,4
dictate,4
persistent,4
elderly,4
limited,4
counter,4
ensure,4
gord,4
restart,4
rem,4
thomas,4
radiculopathy,4
lip,4
trend,4
wu,4
lightheadedness,4
ck,4
critical,4
ativan,4
hematoma,4
weekend,4
ibrahim,4
remote,4
v,4
lift,4
offer,4
pertussis,4
flat,4
analysis,4
guard,4
ph,4
sensitivity,4
prograf,4
recovery,4
cyanosis,4
keflex,4
exposure,4
supplemental,4
along,4
combination,4
gallop,4
heroin,4
improved,4
hyperglycemia,4
power,4
tunnel,4
specimen,4
sr,4
sustain,4
remember,4
drive,4
cyberknife,4
independent,4
salpingo,4
oximetry,4
linguistic,4
morris,4
noted,4
ibuprofen,4
consciousness,4
dm,4
circumcision,4
lotion,4
jonathan,4
midnight,4
obvious,4
vehicle,4
accordingly,4
hannah,4
enlarged,4
cath,4
gastroenterologist,4
uncomplicated,4
dilate,4
recurrence,4
occupational,4
strenuous,4
endoscopy,4
shower,4
supplement,4
supraclavicular,4
orthopedic,4
fill,4
watch,4
briefly,4
coverage,4
nervous,4
particularly,4
soreness,4
strongly,4
oxygenation,4
progressive,4
mark,4
eventually,4
alt,4
overnight,4
chen,4
arise,4
extremities,4
dermatitis,4
newly,4
pet,4
edward,4
holter,4
section,4
opiate,4
wash,4
spot,4
interested,4
sanchez,4
diuretic,4
prematurity,4
sodium,4
incontinence,4
appropriately,4
posttraumatic,4
extension,4
ambulation,4
solid,4
concentrated,4
excision,4
slur,4
screen,4
undergone,4
accomplish,4
triglyceride,4
idc,4
strong,4
ectopic,4
menstrual,4
arrhythmia,4
cpk,4
melena,4
laine,4
infarct,4
vein,4
kenzie,4
nontoxic,4
hard,4
avf,4
phase,4
virus,4
central,4
estimate,4
lipid,4
nature,4
cox,4
prepare,4
fourth,4
appreciate,4
touch,4
kind,4
thompson,4
wake,4
community,4
cirrhosis,4
natalie,4
transport,4
apply,4
ischemia,4
san,4
proceed,4
near,4
tab,4
paperwork,4
secretion,4
hiatal,4
intolerance,4
effort,4
hypoxemia,4
ovary,4
speak,4
cigarette,4
angioplasty,4
mildly,4
seroquel,4
rather,4
resolution,4
solu,4
ten,4
lovenox,4
product,4
deep,4
johnson,4
occasion,4
thank,4
serology,4
prozac,4
traumatic,4
tid,4
tinea,4
extent,4
auditory,4
focal,4
praise,4
fifth,4
swelling,4
occasionally,4
notify,4
lithotripsy,4
colitis,4
li,4
dizzy,4
alcoholic,4
frame,4
oedema,4
tear,4
hungry,4
acid,4
amoxicillin,4
lower,4
mile,4
pancytopenia,4
lifting,4
diffuse,4
abilify,4
intracranial,4
quit,4
basal,4
weekly,4
comfortably,4
feeling,4
percent,4
redness,4
z,4
decortication,4
court,4
crp,4
synthroid,4
load,4
gastritis,4
summer,4
leukocytosis,4
generally,4
adrenal,4
peter,4
motor,4
ambulatory,4
plantar,4
bmi,4
mill,4
class,4
awaken,4
ampicillin,4
endocarditis,4
persist,4
department,4
checkup,4
fraction,4
let,4
heel,4
examine,4
utilize,4
wonder,4
pneumonitis,4
foley,4
pad,4
gu,4
mucosa,4
miss,4
itchy,4
local,4
appendectomy,4
june,4
nina,4
staple,4
trouble,4
buttock,4
bradycardia,4
job,4
requirement,4
ever,4
rheumatology,4
bmp,4
capacity,4
tingle,3
contusion,3
successful,3
peptic,3
specialist,3
stocking,3
dilaudid,3
remainder,3
swab,3
irregular,3
reevaluation,3
meeting,3
pratt,3
reflect,3
direct,3
accuracy,3
smear,3
mood,3
tumour,3
chloride,3
faustino,3
postprocedure,3
transitional,3
name,3
christine,3
leiomyosarcoma,3
atelectasis,3
enalapril,3
herniation,3
melanoma,3
sting,3
thoracentesis,3
serotonin,3
cialis,3
chronically,3
core,3
klonopin,3
member,3
pass,3
toprol,3
mva,3
supervision,3
jaundice,3
nitroglycerin,3
ent,3
medically,3
hcg,3
either,3
operative,3
bolus,3
big,3
amir,3
tolerance,3
hospitalist,3
comfort,3
visualize,3
strip,3
rod,3
homans,3
beverage,3
allan,3
apparent,3
personal,3
cat,3
ewing,3
nonlabored,3
sulfate,3
testicular,3
incisional,3
insight,3
ppd,3
marie,3
wife,3
trazodone,3
discectomy,3
p,3
puff,3
kawasaki,3
contribute,3
ex,3
colon,3
weightbearing,3
luke,3
crux,3
enlarge,3
serve,3
cesarean,3
omeprazole,3
perforation,3
latter,3
nondistended,3
septal,3
bill,3
mgus,3
till,3
quadrant,3
often,3
metal,3
aphasia,3
sarah,3
hemorrhage,3
leena,3
groin,3
rise,3
compliant,3
duration,3
gross,3
modest,3
zhou,3
worried,3
expenditure,3
erectile,3
inflammation,3
pancreatic,3
bps,3
mostly,3
november,3
mcg,3
abgs,3
depress,3
allegra,3
lad,3
agreement,3
phillip,3
instrumentation,3
oropharynx,3
hospitalize,3
memory,3
organomegaly,3
maintenance,3
nondrinker,3
selection,3
ab,3
gallbladder,3
incident,3
item,3
poorly,3
nebulized,3
eomi,3
clinical,3
migraine,3
tamoxifen,3
toxicity,3
douglas,3
yoana,3
irritation,3
verapamil,3
percussion,3
harrod,3
gluteal,3
lee,3
promise,3
rheumatoid,3
fossa,3
im,3
card,3
safety,3
dictation,3
profile,3
preliminary,3
hemodynamically,3
perhaps,3
thyroidectomy,3
inform,3
administer,3
anticipate,3
vocal,3
originally,3
urgency,3
bright,3
desirous,3
martin,3
testing,3
glioma,3
determine,3
syncope,3
tran,3
chestpain,3
hematologic,3
pupil,3
vagina,3
bronchospasm,3
december,3
mdi,3
overactive,3
albert,3
hopefully,3
cpm,3
hypoglycemic,3
collect,3
tuesday,3
tpn,3
anc,3
aggressively,3
process,3
stream,3
cholecystitis,3
radical,3
consultant,3
flow,3
nad,3
psychiatric,3
associate,3
oxyhemoglobin,3
confirm,3
sinusitis,3
volume,3
hemorrhoid,3
marrow,3
collar,3
neil,3
md,3
happen,3
congenital,3
tingling,3
erythematous,3
fibrosis,3
temporal,3
collection,3
modify,3
harris,3
distal,3
lay,3
gordon,3
septum,3
form,3
folic,3
pediatric,3
skip,3
hdl,3
rhabdomyolysis,3
comorbidities,3
medifast,3
afterwards,3
aid,3
urinate,3
hourly,3
thrombocytopenia,3
irritative,3
hydrocortisone,3
peritoneal,3
beta,3
lucila,3
deteriorate,3
neurovascularly,3
shin,3
birth,3
dopamine,3
pop,3
obese,3
ill,3
essentially,3
rechecked,3
juncture,3
interval,3
dyslipidemia,3
appendiceal,3
rhinitis,3
nodule,3
single,3
intercourse,3
gayler,3
dinner,3
limitation,3
inject,3
microalbumin,3
target,3
craniopharyngioma,3
potential,3
cramping,3
reasonably,3
january,3
bacteremia,3
polycythemia,3
pcr,3
push,3
radiology,3
bob,3
haemorrhage,3
dentition,3
poly,3
passive,3
bi,3
pharmacy,3
christian,3
tum,3
david,3
standard,3
advice,3
atenolol,3
palsy,3
iii,3
diff,3
refractory,3
hyperkalemia,3
elect,3
tiny,3
frequent,3
motrin,3
formula,3
unclear,3
rhonchus,3
compliance,3
maximum,3
bronchodilator,3
complaints,3
reglan,3
highly,3
nuclear,3
dispense,3
warm,3
particular,3
intubation,3
fine,3
dalianis,3
choice,3
cpr,3
administration,3
snore,3
meat,3
margaret,3
aftercare,3
mcv,3
erythematosus,3
sat,3
standby,3
cipro,3
bibasilar,3
garden,3
extubated,3
hypokalemia,3
omnicef,3
kg,3
flatus,3
transfuse,3
commode,3
ap,3
polydipsia,3
ihd,3
tachycardic,3
tmj,3
instability,3
inflammatory,3
sarcoma,3
laryngotracheoplasty,3
gareth,3
mckenzie,3
enema,3
laryngitis,3
lately,3
definite,3
ama,3
upright,3
chemo,3
gregor,3
benadryl,3
device,3
quality,3
streptococcus,3
jeff,3
almost,3
alexander,3
distribution,3
scalp,3
major,3
antiemetic,3
hodgings,3
simply,3
st,3
digit,3
polyp,3
safe,3
orthopnea,3
darvocet,3
detailed,3
gray,3
green,3
way,3
glass,3
diminished,3
d,3
replace,3
wt,3
questionable,3
forbes,3
stuart,3
depend,3
presentation,3
numb,3
wednesday,3
against,3
orbital,3
phosphorus,3
everyday,3
mucous,3
substantial,3
answer,3
deem,3
complaining,3
attention,3
diverticulosis,3
thought,3
doxycycline,3
burn,3
expire,3
nick,3
hpn,3
jasmine,3
calf,3
macula,3
helpful,3
maternal,3
mc,3
paracetamol,3
density,3
thin,3
lexapro,3
humalog,3
hemicolectomy,3
interstim,3
syncopal,3
freeze,3
patent,3
aspirate,3
microscopic,3
doubly,3
pulmonologist,3
intermittently,3
hdx,3
thrombocytosis,3
rectal,3
suction,3
carbonate,3
city,3
region,3
ovarian,3
delay,2
biceps,2
bell,2
anti,2
certain,2
decompression,2
phil,2
lin,2
discontinuation,2
oophorectomy,2
diltiazem,2
etc,2
entire,2
intraoperative,2
gap,2
multiplex,2
entry,2
intend,2
hayley,2
statin,2
travel,2
appearance,2
pth,2
ureteroscopy,2
pan,2
flexion,2
needed,2
elevation,2
phenergan,2
attempt,2
gutierrez,2
hoarse,2
death,2
carey,2
goiter,2
panic,2
prophylactic,2
mick,2
immunological,2
remarkable,2
screening,2
reluctant,2
web,2
lyndon,2
hence,2
samuel,2
ad,2
softener,2
inhibitor,2
paralysis,2
illicit,2
candice,2
autoimmune,2
pr,2
zyrtec,2
spray,2
han,2
bathroom,2
pink,2
prominent,2
puncture,2
important,2
closely,2
ecog,2
brachioradialis,2
excise,2
nuchal,2
genetic,2
lbs,2
monique,2
assess,2
patchy,2
earache,2
attendance,2
hair,2
harry,2
dse,2
meniscectomy,2
ganciclovir,2
contributory,2
signal,2
coughing,2
psychological,2
joe,2
origin,2
timothy,2
ok,2
notably,2
shoe,2
azithromycin,2
knowledge,2
jaundiced,2
hepatic,2
hematologist,2
inducible,2
lortab,2
holt,2
suprapatellar,2
nephrolithiasis,2
neutropenic,2
lima,2
ivy,2
fusion,2
certificate,2
metformin,2
pay,2
thorough,2
jak,2
pastoral,2
anticoagulation,2
concomitant,2
beat,2
track,2
subcutaneous,2
liam,2
omentectomy,2
dental,2
noon,2
picc,2
ixempra,2
serum,2
angina,2
respectively,2
hilary,2
thyroglobulin,2
holiday,2
clue,2
usually,2
excess,2
gan,2
tolerable,2
cholestasis,2
heidi,2
thursday,2
sextant,2
ldh,2
rogers,2
attorney,2
black,2
esophageal,2
charlotte,2
tiredness,2
aliah,2
idea,2
myelofibrosis,2
elizabeth,2
approach,2
front,2
constipate,2
diflucan,2
rechecking,2
thickened,2
prosthesis,2
joseph,2
sclerae,2
vicodin,2
manager,2
cooperative,2
acne,2
hospice,2
mew,2
lily,2
guaiac,2
incidence,2
bactroban,2
endocrinologist,2
serious,2
shweta,2
forget,2
tubal,2
yang,2
exploratory,2
deliver,2
localize,2
exchange,2
natalia,2
basilakis,2
inhaler,2
cava,2
lead,2
perfusion,2
malnourishment,2
enlargement,2
afraid,2
o,2
systemic,2
benzodiazepine,2
dexa,2
guido,2
jill,2
hardware,2
diameter,2
transaminase,2
harold,2
hi,2
gastroc,2
sian,2
rotator,2
empirically,2
mucosal,2
da,2
toby,2
welcome,2
snoring,2
fix,2
radiotherapy,2
field,2
slip,2
ureter,2
#1,2
smooth,2
michelle,2
handle,2
participate,2
thalia,2
hydroxychloroquine,2
median,2
banafsheh,2
weiwei,2
psychosis,2
prompt,2
permanent,2
nicotine,2
colonization,2
jean,2
sort,2
lewis,2
dip,2
autism,2
william,2
verbal,2
temporary,2
behavioral,2
cea,2
puffer,2
smart,2
prepregnancy,2
si,2
exacerbate,2
hemolytic,2
infiltrates,2
detrol,2
nauseate,2
nonweightbearing,2
xl,2
warfarin,2
fully,2
morton,2
forward,2
ian,2
laurence,2
conjunctivitis,2
malignancy,2
spur,2
beam,2
lymphocyte,2
labile,2
mwf,2
lisbeth,2
gastroparesis,2
urgent,2
mechanical,2
parathyroid,2
gastroenterology,2
sternal,2
ketone,2
basic,2
facet,2
topical,2
prostatitis,2
amylase,2
uncontrolled,2
corneal,2
metoprolol,2
aura,2
safely,2
dercy,2
ca,2
bph,2
aggrenox,2
bare,2
erythromycin,2
cognitive,2
hyponatremia,2
rebound,2
refined,2
barium,2
stair,2
bottle,2
attribute,2
mall,2
uncertain,2
nguyen,2
phosphatase,2
edematous,2
witness,2
jane,2
antidepressant,2
swim,2
accu,2
hale,2
son,2
protect,2
pinch,2
videostroboscopy,2
cv,2
hydrea,2
urological,2
resect,2
dim,2
worsening,2
neo,2
pregnant,2
yellow,2
bedrest,2
inability,2
accident),2
marcus,2
smell,2
relationship,2
ann,2
sinuses,2
brown,2
adenosine,2
papillary,2
excessive,2
santi,2
straining,2
suspicious,2
influenza,2
extreme,2
la,2
preparation,2
hoarseness,2
meq,2
sling,2
leonid,2
picture,2
carry,2
sterilization,2
camilla,2
daniel,2
miriam,2
hydrochlorothiazide,2
prenatal,2
trapezius,2
affect,2
ethmoid,2
thrush,2
ring,2
intraoperatively,2
seasonal,2
pericarditis,2
katrina,2
hypothyroid,2
massage,2
essential,2
taxol,2
nizoral,2
neural,2
ground,2
laser,2
lymphocytic,2
ana,2
cocci,2
indicate,2
gallops,2
hypothermia,2
gown,2
gavin,2
grand,2
ang,2
agreeable,2
retention,2
apgar,2
chiara,2
lfts,2
hormone,2
mono,2
uncircumcised,2
linear,2
necessary,2
wish,2
invasive,2
gestation,2
dave,2
hop,2
everything,2
leucovorin,2
markedly,2
arthropathy,2
ebm,2
jefferies,2
renee,2
anorexia,2
nephrology,2
specifically,2
undetermined,2
heartburn,2
teaspoon,2
toilet,2
beatrice,2
emetic,2
diffusely,2
caetano,2
nutritional,2
agitation,2
gravity,2
suggestive,2
functional,2
exactly,2
gill,2
somnolent,2
kate,2
meredith,2
pd,2
fatima,2
yes,2
assymptomatic,2
lying,2
impairment,2
bump,2
supplementation,2
hanlen,2
withhold,2
potentially,2
house,2
coag,2
ether,2
glycemic,2
february,2
pmotherwise,2
pediatrician,2
transthoracic,2
anymore,2
vasectomy,2
normally,2
serial,2
cardiopulmonary,2
tubercle,2
elijah,2
moment,2
bubble,2
tonight,2
dad,2
ventricular,2
inderal,2
levofloxacin,2
lobectomy,2
addiction,2
tramadol,2
alvaro,2
biba,2
source,2
tariq,2
histology,2
quan,2
rare,2
sorry,2
abraham,2
duoneb,2
alpha,2
tim,2
observe,2
dan,2
naris,2
receptive,2
hyperplasia,2
berry,2
hispanic,2
voiding,2
orthostatic,2
mobilise,2
paxil,2
ambulance,2
grip,2
haemo,2
represent,2
amiodarone,2
approximate,2
andreas,2
sedimentation,2
extraction,2
polycystic,2
act,2
radiographic,2
hall,2
drowsy,2
cathy,2
eric,2
unsuccessful,2
hamid,2
alfred,2
weather,2
ocular,2
unwell,2
scd,2
ideal,2
mahe,2
dismiss,2
nitrofurantoin,2
park,2
achieve,2
manuel,2
top,2
mirja,2
vesicle,2
loc,2
clot,2
hematochezia,2
mastectomy,2
nutrition,2
nathan,2
endoscopic,2
endometrium,2
resistant,2
gcs,2
xinhua,2
gabriella,2
diverticular,2
esophagitis,2
amanda,2
arrythmia,2
prefer,2
ken,2
terminal,2
loiuse,2
eczema,2
psyche,2
veronika,2
sixth,2
leak,2
adnexa,2
expected,2
vre,2
chf,2
agatha,2
shane,2
prednisolone,2
madera,2
tms,2
liz,2
numerous,2
jones,2
insitu,2
dermatology,2
civi,2
neurovascular,2
towards,2
stricture,2
judas,2
kara,2
angiography,2
assistant,2
incentive,2
setting,2
boy,2
phlebotomy,2
awakening,2
neosure,2
neg,2
lastly,2
dairy,2
chenxiao,2
perianal,2
silent,2
orthostatics,2
ferrous,2
print,2
bariatric,2
radicular,2
rahul,2
independence,2
ophthalmology,2
tanya,2
suspected,2
joanna,2
alzheimers,2
color,2
perfused,2
macular,2
emptying,2
retraction,2
tip,2
catherine,2
trigger,2
tricor,2
psychosocial,2
once,2
symmetric,2
rice,2
botulinum,2
calm,2
blade,2
gas,2
prove,2
nonetheless,2
reconstruction,2
overseas,2
insert,2
runny,2
lvh,2
resonant,2
club,2
arthur,2
zyprexa,2
nucleus,2
asleep,2
garry,2
tamponade,2
penile,2
crash,2
wang,2
deformity,2
zhang,2
closed,2
gregory,2
episodes,2
atrovent,2
cerebellar,2
matts,2
vibratory,2
orthopedics,2
enhance,2
fetoprotein,2
bacterial,2
alex,2
usage,2
cornea,2
infirmary,2
charles,2
bottom,2
ancef,2
odette,2
redden,2
rip,2
procedures,2
eating,2
rupture,2
quantitative,2
pe,2
bon,2
properly,2
allright,2
county,2
frontal,2
emphasis,2
zosyn,2
mind,2
counting,2
discolor,2
washing,2
salt,2
nonproductive,2
emphysema,2
cannot,2
subsequent,2
operatively,2
meter,2
reevaluate,2
identification,2
desmond,2
id,2
granulation,2
special,2
incidental,2
cheks,2
sigmoid,2
reliefnil,2
unexplained,2
rsv,2
marlor,2
jim,2
select,2
senior,2
pedis,2
budget,2
animal,2
exceptionally,2
juice,2
delayed,2
tone,2
sunburn,2
plateaued,2
ferritin,2
carotids,2
mindy,2
necrotic,2
pin,2
suck,2
emesis,2
leukemoid,2
rhiannon,2
abbott,2
miranda,2
defer,2
ada,2
patellar,2
paper,2
pit,2
project,2
sandra,2
conservatively,2
hyperactivity,2
uterine,2
bony,2
suffer,2
duplex,2
primarily,2
evelyn,2
immunodeficiency,2
norvasc,2
analgesic,2
sclerosis,2
lorcet,2
neglect,2
vertigo,2
alana,2
valley,2
actonel,2
radiate,2
poison,2
border,2
nfr,2
microgram,2
hallucination,2
lyndsey,2
nicolas,2
unintentional,2
ointment,2
marking,2
extend,2
postsurgical,2
dictated,2
roger,2
atrophic,2
multivitamin,2
yeast,2
cavity,2
concentric,2
mohammed,2
emphasize,2
extremely,2
consist,2
supraglottic,2
opacity,2
jose,2
muscular,2
wide,2
quickly,2
melanie,2
womac,2
diuresis,2
psoriasis,2
prevent,2
unusual,2
xanax,2
patch,2
dnr,2
sofia,2
boluses,2
lars,2
zara,2
htn,2
juliet,2
leptospirosis,2
difficultly,2
vaccine,2
play,2
station,2
tall,2
henrik,2
college,2
unless,2
standpoint,2
siskin,2
discussed,2
drinking,2
charted,2
anne,2
telemetry,2
discus,2
mikko,2
operate,2
endometrial,2
decadron,2
lactulose,2
conference,2
max,2
titer,2
repeatedly,2
maria,2
metastasis,2
comprehensive,2
nightly,2
voluntary,2
gentamicin,2
triple,2
toxin,2
morphine,2
pallor,2
ie,2
purulent,2
protocol,2
thoracic,2
tracheotomy,2
arrive,2
successfully,2
hiv,2
happy,2
nighttime,2
narcotic,2
direction,2
limb,2
wichita,2
step,2
bay,2
cystic,2
gary,2
beach,2
oscar,2
gerhard,2
mullerian,2
apgars,2
palliative,2
jie,2
anion,2
visible,2
sedate,2
gardening,2
click,2
bile,2
pmi,2
bronchoscopy,2
pro,2
viagra,2
educator,2
assisted,2
lawrence,2
fit,2
production,2
suppository,2
portion,2
mail,2
communication,2
gland,2
radiograph,2
clostridium,2
pyelonephritis,2
digitalis,2
turgor,2
capillary,2
jenny,2
hit,2
asbestos,2
diaphoresis,2
mb,2
friend,2
splint,2
levothroid,2
dosepak,2
accidentally,2
myalgia,2
worse,2
polyphagia,2
others,2
septic,2
reasonable,2
document,2
medium,2
global,2
deconditioning,2
tolerating,2
simpson,2
lipase,2
celebrex,2
rivett,2
map,2
decubitus,2
claim,2
recall,2
mini,2
shiftotherwise,2
alone,2
sexual,2
proton,2
barry,2
mobilize,1
polyps,1
workplace,1
dezfouli,1
fernandez,1
entirely,1
cavedon,1
disarray,1
hemorrhagic,1
dizzinesshe,1
retch,1
untoward,1
luteal,1
passenger,1
penetration,1
planner,1
account,1
hawk,1
periumbilical,1
vena,1
barbosa,1
enclose,1
gauline,1
atelectatic,1
trip,1
silver,1
neurologist,1
myeloproliferative,1
tolerated,1
adenosarcoma,1
crestor,1
sniffle,1
complains,1
prevacid,1
iodine,1
tussive,1
dang,1
adlswith,1
wally,1
equivocal,1
neither,1
eater,1
obstruct,1
suspension,1
benedictos,1
preferential,1
micu,1
parapharyngeal,1
vi,1
hydration,1
hunt,1
thrombolysis,1
belgin,1
conflicting,1
romberg,1
otherswise,1
encouragement,1
ali,1
dka,1
hemoperitoneum,1
education,1
chek,1
jessica,1
disoriented,1
cystogram,1
splenius,1
worsened,1
cardiomegaly,1
prolactinemia,1
possibility,1
mondy,1
rabia,1
ventilate,1
valium,1
natriuretic,1
myer,1
hematological,1
higgins,1
nonprostatic,1
content,1
granuloma,1
pons,1
impede,1
cambrdge,1
undiagnosed,1
explanation,1
zitzner,1
symptomatically,1
suitable,1
ski,1
paracentral,1
excitement,1
enjoy,1
abruptio,1
burning,1
pomaren,1
treadmill,1
controlled,1
pma,1
opioid,1
imf,1
empiric,1
comply,1
samemeds,1
coco,1
resonance,1
harvey,1
dayshe,1
linda,1
minimally,1
constitutional,1
boston,1
lateralize,1
barnes,1
sunny,1
nourish,1
methodist,1
lumin,1
bursa,1
sofi,1
hypercapnia,1
qod,1
fluorescein,1
fashion,1
monocyte,1
freely,1
impossible,1
drops,1
gab,1
deltoid,1
zoloft,1
celery,1
pepto,1
splenomegaly,1
jvd,1
flunctuating,1
pipe,1
scrotum,1
contraction,1
emergent,1
rid,1
postobstructive,1
tired,1
minor,1
error,1
prolapse,1
triathlon,1
emerson,1
coincidence,1
squamous,1
genitourinary,1
trillo,1
extraocular,1
preadmission,1
tahoe,1
urologist,1
kent,1
nsaid,1
suppressed,1
chesty,1
og,1
script,1
cross,1
distension,1
translocation,1
toxic,1
carboplatin,1
axilla,1
ami,1
sac,1
vp,1
manageable,1
milver,1
peritonsillar,1
teaching,1
shooting,1
nursery,1
phenobarbitone,1
carrier,1
brends,1
harrison,1
betamethasone,1
telephone,1
ccf,1
guy,1
spontaneously,1
endurance,1
psychologist,1
tomall,1
scab,1
worry,1
tinel,1
nih,1
lipometabolism,1
bal,1
soluble,1
pneumocystis,1
brisk,1
resolved,1
pharyngitis,1
fissure,1
dous,1
apr,1
mesothelioma,1
johnsson,1
qhs,1
microcytic,1
unconscious,1
calasso,1
syncytial,1
unsafe,1
building,1
septra,1
multivessel,1
valente,1
quarter,1
imdur,1
nissen,1
nonsurgical,1
kaoniusz,1
nisha,1
sciatica,1
importance,1
orif,1
drooping,1
luck,1
cancellation,1
quiet,1
eighth,1
birks,1
owen,1
takenmonitored,1
docusate,1
abate,1
minimental,1
triceps,1
men,1
shortly,1
squeeze,1
lp,1
formation,1
aerosol,1
harvard,1
ambulantnil,1
doubt,1
occlusive,1
gently,1
assistancepatient,1
huge,1
kick,1
faust,1
subcutaneously,1
lignocaine,1
andy,1
convert,1
nonfasting,1
wal,1
prongsambulant,1
hem,1
gamma,1
interestingly,1
venostasis,1
joyce,1
respules,1
aplastic,1
fontanelle,1
rhonda,1
amnil,1
gout,1
chicken,1
alejandro,1
sally,1
ultimately,1
tremoring,1
amnestic,1
hou,1
thuy,1
contra,1
liaise,1
kid,1
lumbosacral,1
coarse,1
neutrophil,1
compazine,1
paranasal,1
salpingectomy,1
chemical,1
faint,1
incorporate,1
bowral,1
south,1
farther,1
bannister,1
sesamoid,1
healthier,1
petition,1
servo,1
induration,1
organisednil,1
flank,1
neurology,1
criterion,1
training,1
preventative,1
digestive,1
bet,1
retained,1
nod,1
doest,1
rusher,1
noncuffed,1
checked,1
research,1
presumably,1
sneeze,1
sex,1
glove,1
flaky,1
real,1
pred,1
breech,1
ureterocalicostomy,1
conjunctiva,1
prosecution,1
lovely,1
fiber,1
predominantly,1
cambridge,1
dietshe,1
kumru,1
strecke,1
hyem,1
hypercalcemia,1
nail,1
selander,1
pleuritic,1
metastases,1
arlet,1
vigorous,1
hemidiaphragm,1
augmentin,1
listless,1
myoclonic,1
saldy,1
spencer,1
presumptive,1
failed,1
apprised,1
race,1
sacral,1
outline,1
salve,1
narcan,1
goldenhar,1
mendez,1
orange,1
atacand,1
gibbs,1
stump,1
hematemesis,1
alveolar,1
impingement,1
cease,1
angle,1
lactic,1
yunita,1
wheelchairhe,1
physiotherapist,1
bloodsall,1
ileal,1
pas,1
hyperlipidemic,1
peridex,1
inhaled,1
ir,1
sestamibi,1
uninterrupted,1
nondiagnostic,1
hypoglycemics,1
lupron,1
schofield,1
carter,1
burdensome,1
staphylococcus,1
irrigate,1
eva,1
again;,1
bacon,1
reparative,1
hematopathology,1
circumcise,1
woden,1
tileney,1
tomhe,1
official,1
nonfocal,1
dysmenorrhea,1
karauth,1
flatten,1
manamara,1
streaky,1
organise,1
peptide,1
malposition,1
ambulantnormal,1
ramon,1
opinion,1
subdural,1
hcz,1
vasculature,1
rejection,1
pac,1
postpartum,1
changesongoing,1
methyprednisolone,1
neuromuscular,1
earshe,1
pathologist,1
peeling,1
bitshe,1
relaxer,1
ears,1
suicide,1
juan,1
t,1
outlet,1
cellular,1
perth,1
funduscopic,1
preop,1
lincoln,1
dramatically,1
pyelogram,1
fang,1
differentiate,1
givenstill,1
cleansing,1
nkda,1
vernon,1
abbassi,1
slit,1
drughe,1
placental,1
produce,1
sneak,1
rarely,1
noble,1
urgently,1
ferraro,1
nephrosis,1
extensor,1
puree,1
periaortic,1
contracture,1
elavil,1
robert,1
christina,1
veerarghavan,1
macrobid,1
mallampati,1
hoffman,1
prongsshort,1
sympathetic,1
miele,1
suite,1
warranty,1
klebsiella,1
reinserted,1
barlow,1
synalar,1
dryness,1
goody,1
digitek,1
internist,1
stoneshe,1
drawn,1
executive,1
connor,1
naomi,1
lymphoproliferative,1
yvonne,1
iredell,1
succeed,1
lymphatic,1
zoonotic,1
stiffness,1
brochure,1
chris,1
cook,1
ecchymosis,1
kokkinakis,1
understanding,1
crush,1
anteriorly,1
fluctuance,1
marijuana,1
adriamycin,1
viscosupplementation,1
tape,1
cvc,1
adlshave,1
gibson,1
aswell,1
littlewoord,1
incidentally,1
kambouris,1
blister,1
hickmann,1
maorere,1
description,1
samelsson,1
nystatin,1
merjin,1
jakobs,1
agent,1
outbreak,1
fantastic,1
impatient,1
thrombolytic,1
geraldine,1
aortobifemoral,1
chd,1
abnormalities,1
barbara,1
definitive,1
anybody,1
cautery,1
bayonet,1
pathologic,1
cefazolin,1
oophorotomy,1
orientation,1
compulsive,1
polypoid,1
pant,1
monthly,1
mononeuritis,1
onc,1
heamodialysis,1
catch,1
avastin,1
diuresed,1
dehydration,1
raymond,1
hb,1
confrontation,1
aorta,1
toradol,1
interfere,1
log,1
grandfather,1
julian,1
hallway,1
asset,1
snf,1
levoxyl,1
weekhe,1
roomshe,1
injurystill,1
chem,1
fetal,1
tethered,1
battery,1
hs,1
subside,1
condyloma,1
beneficial,1
atherosclerosis,1
sanner,1
generate,1
symptomatology,1
erection,1
heather,1
inappropriate,1
polysporin,1
bacitracin,1
yethe,1
barber,1
hemiabdomen,1
sweet,1
gunningberg,1
dwyer,1
underlying,1
pamela,1
pretibial,1
involved,1
afshe,1
bacod,1
arthroscopy,1
refrain,1
stayed,1
nagy,1
pruritus,1
chance,1
fair,1
antonio,1
mm,1
frustrate,1
outcome,1
perla,1
bridge,1
ammonia,1
heaviness,1
tubular,1
lethargic,1
learn,1
maculopapular,1
klaudia,1
bout,1
pathwayresponding,1
arixtra,1
immunizations,1
thace,1
law,1
meatheringham,1
elli,1
endarterectomy,1
garnet,1
discoloration,1
evelina,1
artifact,1
gerard,1
domain,1
cystitis,1
bulging,1
cuypers,1
scant,1
clavicular,1
osteomyelitis,1
khan,1
hopeful,1
weiss,1
monocryl,1
discharged,1
lymphedema,1
roughly,1
updated,1
cefepime,1
hugh,1
geller,1
girl,1
alternate,1
advil,1
box,1
proprioception,1
determination,1
larsson,1
caregiver,1
phospate,1
questioning,1
grape,1
nodules,1
localization,1
paf,1
papule,1
ciprofloxacin,1
arouse,1
medtronic,1
difference,1
roll,1
combivent,1
lifter,1
news,1
retired,1
marshall,1
alistair,1
maccay,1
vries,1
minimize,1
aleve,1
rheumatic,1
regulated,1
milotov,1
institution,1
lifted,1
paraventral,1
airline,1
ramzi,1
waste,1
adlshe,1
overweight,1
attendanceshe,1
trizivir,1
button,1
cheap,1
lim,1
denture,1
quotient,1
floater,1
vasquez,1
digital,1
kcl,1
caringhe,1
transition,1
hygiene,1
heat,1
acetyl,1
hattarai,1
accept,1
choke,1
digestion,1
ag,1
shaving,1
oxide,1
sare,1
garran,1
gtn,1
sweaty,1
kemble,1
adlsshes,1
photophobic,1
fear,1
interventional,1
eeg,1
interossei,1
bloody,1
preserve,1
topically,1
iia,1
isolate,1
pediatrics,1
penetrate,1
appliance,1
ellen,1
correct,1
todayhe,1
arousal,1
yrsold,1
thirst,1
kegel,1
opportunistic,1
inflame,1
normalize,1
restrict,1
randomize,1
mari,1
caringmorbidly,1
zamani,1
tolerates,1
polyneuropathy,1
seatbelt,1
magnesia,1
liyuan,1
user,1
carpal,1
audible,1
bending,1
distance,1
castro,1
strictly,1
craze,1
opt,1
ventura,1
thrombus,1
shy,1
breakout,1
clonazepam,1
corrective,1
cystotomy,1
oncologist,1
engage,1
solution,1
formal,1
fingersticks,1
unfortunate,1
alkaline,1
otic,1
penis,1
brca,1
gp,1
erratic,1
predischarge,1
cloudy,1
fandy,1
immaturity,1
latex,1
pace,1
delusion,1
impact,1
behind,1
immunosuppression,1
thereafter,1
vincent,1
cancellous,1
arrival,1
thani,1
medicate,1
irs,1
annual,1
pulposus,1
episodic,1
unawareness,1
fails,1
parker,1
intracardiac,1
atarax,1
hyperplastic,1
fei,1
kim,1
informed,1
enclosed,1
unlikely,1
fibromuscular,1
surgerynil,1
echogram,1
externalized,1
keyboard,1
infected,1
lb,1
ultimate,1
debilitation,1
season,1
craniotomy,1
thaney,1
needing,1
thymoglobulin,1
deakin,1
reiterate,1
hyperglycemic,1
adjunct,1
remark,1
costophrenic,1
emotional,1
alta,1
nocturnal,1
protonix,1
authenticate,1
success,1
r,1
et,1
pearly,1
brush,1
typically,1
cortisone,1
nap,1
positioning,1
jatin,1
momentary,1
matichuk,1
ballooning,1
sgpt,1
capsule,1
filter,1
tachy,1
continuously,1
intraocular,1
emg,1
expectorant,1
reinsert,1
qt,1
daviid,1
twist,1
bert,1
greyhound,1
marginal,1
lightheaded,1
radioactive,1
genitorectal,1
pesce,1
diseasehe,1
illnesses,1
clarkson,1
zilin,1
candy,1
detect,1
caper,1
canal,1
inspiration,1
armani,1
cautious,1
microacinar,1
cyclosporine,1
mendis,1
evangelia,1
eventhough,1
circulation,1
bradycardiac,1
podiatrist,1
djd,1
maijer,1
counselling,1
demonstrative,1
predominant,1
graphesthesia,1
tilney,1
igg,1
essence,1
tertiary,1
brenner,1
village,1
hoang,1
chip,1
genital,1
commitment,1
proscar,1
inferior,1
chop,1
folliculitis,1
varix,1
hydroxy,1
former,1
toes,1
hearing,1
scattered,1
driving,1
jacket,1
appoint,1
diva,1
notable,1
conduction,1
admissionthey,1
skill,1
lobar,1
sterile,1
code,1
nbm,1
frusemide,1
pneumococcal,1
bicarbonate,1
em,1
modality,1
las,1
microglia,1
hypertrophy,1
similarly,1
protection,1
increment,1
rim,1
injured,1
sink,1
amit,1
veteran,1
midday,1
presence,1
filled,1
hijazi,1
rearrange,1
pathway,1
florey,1
lilly,1
tachypnea,1
journal,1
anus,1
gabby,1
refresh,1
canning,1
repeating,1
bruising,1
urineand,1
chamber,1
hypoxic,1
durra,1
charlie,1
intrinsic,1
nonhealing,1
nephrologist,1
lesions,1
thi,1
crepitation,1
janet,1
television,1
angelika,1
edman,1
dtic,1
sing,1
murphy,1
pda,1
edwin,1
wonderful,1
perioperative,1
hawkes,1
affordable,1
treen,1
rinse,1
theragran,1
auer,1
sensory,1
painhe,1
pmongoing,1
moses,1
correlation,1
speculum,1
crusting,1
mesna,1
jerry,1
palpate,1
malfunction,1
fortunately,1
empyema,1
mets,1
raised,1
donehe,1
gym,1
obtuse,1
par,1
historically,1
clemens,1
manifest,1
cramp,1
absotherwise,1
hughesotherwise,1
neurogenic,1
apneic,1
reunion,1
methypredisolone,1
ventral,1
bronchodilation,1
kosgei,1
lability,1
nostril,1
reticulocyte,1
cymbalta,1
paranoid,1
hercules,1
nobody,1
laparotomy,1
nitrite,1
provider,1
severely,1
brighty,1
hades,1
town,1
definitely,1
bloodless,1
asv,1
program,1
maxwell,1
lungs,1
tension,1
phenomenon,1
approve,1
minimum,1
paste,1
decease,1
plug,1
grandchild,1
contin,1
ferguson,1
stellan,1
turner,1
erythropoetin,1
neb,1
hysteroscope,1
performed,1
vast,1
penny,1
mareks,1
generously,1
thicken,1
deathly,1
tarka,1
intense,1
phimosis,1
convey,1
os,1
transpleural,1
folate,1
parenchymal,1
nonoperatively,1
changesall,1
dyspneic,1
hodgins,1
gaseous,1
soaking,1
clindamycin,1
spondylolysis,1
dissection,1
related,1
sarika,1
anteroinferior,1
phillippe,1
upstroke,1
strategy,1
shen,1
solitary,1
extensively,1
weekso,1
fold,1
surgically,1
careful,1
petechial,1
websites,1
dispensed,1
loratadine,1
soap,1
eps,1
spleen,1
alignment,1
whyte,1
scotland,1
anemic,1
dietchest,1
pedialyte,1
bar,1
intravascular,1
longstanding,1
flare,1
particulate,1
laterally,1
pharmacist,1
bind,1
acmi,1
noncontrast,1
lubricate,1
sacroiliitis,1
precede,1
cavalier,1
mobic,1
miralax,1
abdominopelvic,1
khalifa,1
milano,1
femara,1
reconsult,1
soar,1
component,1
nonsteroidal,1
somehow,1
riskshe,1
apartment,1
postsurgically,1
comment,1
ivabs,1
depo,1
discover,1
sufficiently,1
fibroglandular,1
cane,1
awoke,1
triglycerides,1
palma,1
epistaxis,1
wilie,1
atrophy,1
flonase,1
adjacent,1
granddaughter,1
cysto,1
downward,1
adenoidal,1
must,1
timesall,1
mal,1
dd,1
preemie,1
regurgitation,1
doneshe,1
disruption,1
antigen,1
tibial,1
caro,1
excoriation,1
flomax,1
cvp,1
beer,1
remind,1
fenestrated,1
hypoxemic,1
yassine,1
partner,1
stephen,1
fluctuate,1
authorize,1
fasilia,1
inhalation,1
clearly,1
kansa,1
stephenson,1
stated,1
anyways,1
nicely,1
csf,1
phototherapy,1
submit,1
paganus,1
bronchospams,1
household,1
tricia,1
douloureux,1
reestablish,1
bug,1
metronidazole,1
stabilized,1
waller,1
hypertensive,1
birthday,1
hyperdefecation,1
guideline,1
sciatic,1
cannulate,1
upgraded,1
unnecessary,1
dermatologic,1
fixator,1
cystectomy,1
subcuticular,1
restlessness,1
extenders,1
mania,1
aristocort,1
build,1
ivig,1
camden,1
candidal,1
pharynx,1
iby,1
urethra,1
antiembolic,1
insect,1
lucy,1
lithotomy,1
pharmacyseen,1
mexico,1
posture,1
osseous,1
crepitus,1
chartedquery,1
expiration,1
proceeded,1
invert,1
irregularly,1
endocrinology,1
exquisite,1
retake,1
finocchiaro,1
breakthrough,1
breastfeed,1
hypopnea,1
ruptured,1
hypermetabolic,1
grace,1
tentative,1
gravid,1
fish,1
zyvox,1
abg,1
notedhe,1
millan,1
lola,1
bismol,1
spit,1
coercion,1
dorothy,1
paranoia,1
across,1
sisley,1
parkinson,1
torso,1
spell,1
vietnamese,1
subendocardial,1
prep,1
pronator,1
directed,1
balmain,1
thick,1
multifidus,1
intensity,1
truncate,1
monofilament,1
droop,1
deviated,1
carefully,1
radiographically,1
kub,1
malnutrition,1
karin,1
perceive,1
gartrid,1
(paf),1
downgoing,1
lampiri,1
duane,1
frustration,1
thirsty,1
nodularity,1
tibia,1
gamlath,1
physiologic,1
lap,1
jerk,1
microbiology,1
va,1
rydges,1
altace,1
gastroenterologic,1
restrictive,1
generalise,1
fahrenheit,1
tonsillar,1
instructed,1
accurately,1
intacttolerating,1
anytime,1
destruction,1
nontrivial,1
fosamax,1
ngyen,1
nephrostomy,1
valvular,1
psychomotor,1
blocker,1
esophagus,1
facilitate,1
cocktail,1
thinner,1
struggle,1
baltimore,1
fund,1
caverject,1
inpatient,1
practice,1
fammy,1
voidquery,1
macrodantin,1
slender,1
byetta,1
cigarettes,1
paraneoplastic,1
abrupt,1
char,1
invasion,1
urodynamics,1
medchart,1
croudance,1
iiia,1
wrap,1
spent,1
watery,1
hysteroscopy,1
heme,1
traumahe,1
tap,1
pulmonology,1
nevanac,1
underneath,1
goodberry,1
preservative,1
fortaz,1
ureteral,1
mobilization,1
pfaff,1
location,1
zarribi,1
rituximab,1
succeeding,1
temworth,1
trendelenburg,1
transsphenoidal,1
anterolaterally,1
lidocaine,1
tearful,1
bite,1
match,1
constantino,1
attentive,1
esmolol,1
padsneed,1
cd,1
uremic,1
hemovac,1
clinis,1
adhesive,1
accompany,1
assay,1
cll,1
dilatation,1
pretracheal,1
femur,1
awhile,1
mainly,1
making,1
mastoiditis,1
ritalin,1
rx,1
danger,1
kerr,1
granulomatous,1
petechia,1
nodes,1
limiting,1
stimulus,1
chloe,1
stability,1
ophthalmologist,1
teacher,1
davis,1
sleepiness,1
dylan,1
lipomyomeningocele,1
paleness,1
hypertensionpatient,1
trialling,1
mutation,1
q,1
september,1
pelican,1
keppra,1
unasyn,1
saturate,1
hot,1
myelogram,1
emergently,1
thickening,1
key,1
winter,1
rubra,1
hyperinflation,1
hydralazine,1
glucophage,1
ferer,1
od,1
walking,1
spirometry,1
edge,1
gemfibrozil,1
space,1
overdose,1
desats,1
resting,1
traffic,1
flexure,1
shellfish,1
choroidal,1
lump,1
hnp,1
kneel,1
lisa,1
yale,1
smtih,1
felon,1
thanksgiving,1
japanese,1
ileostomy,1
tightness,1
jan,1
resp,1
nosebleed,1
pancreatitis,1
axis,1
splenectomy,1
transesophageal,1
reuters,1
loosening,1
stain,1
oa,1
trop,1
saturday,1
reschedule,1
consideration,1
surroundings,1
indomethacin,1
nifedipine,1
sharp,1
fingerbreadth,1
immature,1
connie,1
outburst,1
ascitis,1
resistive,1
perihilar,1
dar,1
meniscus,1
everytime,1
anesthesiology,1
valtrex,1
ramil,1
indeed,1
induce,1
ocd,1
impair,1
chaundry,1
terbutaline,1
convince,1
baylis,1
shot,1
darkened,1
pseudoaneurysm,1
itching,1
sequela,1
tale,1
dou,1
marry,1
strokehe,1
pleased,1
blockage,1
laxative,1
clavicle,1
testis,1
tach,1
conduit,1
torres,1
ventilatory,1
desaturations,1
rajeev,1
glyburide,1
periprostatic,1
cardura,1
renata,1
fibrosisshe,1
else,1
hypertrophic,1
airnil,1
nicu,1
wind,1
pterygium,1
evan,1
vesicare,1
sparingly,1
tandoc,1
cyclobenzaprine,1
pedicle,1
artemi,1
tracheostomy,1
progression,1
coherent,1
tandem,1
cabin,1
traditional,1
lifetime,1
impaired,1
ercp,1
yen,1
presyncopal,1
usuals,1
retirement,1
podiatry,1
solomon,1
disappear,1
cecilia,1
tapazole,1
constantly,1
periodically,1
enrol,1
pavlov,1
cns,1
counseling,1
reassure,1
crushed,1
acceptable,1
transverse,1
tapered,1
weighs,1
tibc,1
dihydroergotamine,1
echocardiographic,1
lotrimin,1
hypoventilation,1
halcion,1
baldwin,1
jugular,1
express,1
task,1
influence,1
homicidal,1
busy,1
normocytic,1
therapist,1
enterococcus,1
draining,1
matter,1
proper,1
gallstone,1
addict,1
suffering,1
holder,1
colla,1
francis,1
carrot,1
unhelmeted,1
mate,1
pronounce,1
digits,1
catheterize,1
pacquing,1
wheezes,1
tourniquet,1
furosemide,1
ventilation,1
shunt,1
zetia,1
marked,1
clubbing,1
isaac,1
aspergillosis,1
pollens,1
basketball,1
break,1
outlined,1
detrusor,1
roomstill,1
synephrine,1
sc,1
nearly,1
discourage,1
suggestion,1
soares,1
cyctic,1
brow,1
interhemispheric,1
profession,1
trimethoprim,1
cap,1
bing,1
jaw,1
repletion,1
suprahilar,1
reviewnil,1
principal,1
oil,1
nexium,1
hamburger,1
mylanta,1
sided,1
dyscrasia,1
faun,1
sneezing,1
perforated,1
renovate,1
bm,1
judge,1
prolong,1
partial,1
relaxation,1
kaiser,1
contraceptive,1
resite,1
humphrey,1
qiongkai,1
hanley,1
florinef,1
coli,1
brighton,1
schizophrenia,1
oak,1
vanc,1
celiac,1
peg,1
tapering,1
rahman,1
dietneed,1
superior,1
yetshe,1
atrium,1
depakene,1
perfuse,1
download,1
minister,1
bruxism,1
unbound,1
andd,1
varner,1
relative,1
kroh,1
educate,1
caused,1
heard,1
itnil,1
pleurodesis,1
concrete,1
organ,1
herath,1
accutane,1
occult,1
metatarsal,1
hepatosplenomegaly,1
beginner,1
fentanyl,1
pex,1
haemodialysis,1
weaning,1
dilatrate,1
fibromyalgia,1
remarkably,1
psas,1
bronchiolitis,1
jvp,1
cindy,1
distention,1
ice,1
yearly,1
encouraged,1
belinda,1
haemmorrhagic,1
sonogram,1
curtin,1
scooter,1
mismatch,1
estep,1
durable,1
fluoxetine,1
lock,1
stat,1
ep,1
irradiation,1
menu,1
onychomycosis,1
cris,1
asha,1
packing,1
ventola,1
luvox,1
strengthen,1
daystolerating,1
radiological,1
unambitious,1
zhu,1
chowne,1
hafsa,1
clearance,1
realize,1
bus,1
presumptively,1
adenoidectomy,1
preterm,1
mattering,1
ngt,1
replete,1
word,1
cetaphil,1
trachea,1
urge,1
gomez,1
uncomfortable,1
demand,1
tensberg,1
hilar,1
raising,1
tool,1
suture,1
pmhe,1
mario,1
sacrum,1
patterson,1
undetectable,1
revision,1
orthopedist,1
extubation,1
candidate,1
clonus,1
uptransport,1
skeletal,1
postnasal,1
ionize,1
carr,1
rebecca,1
alternative,1
laceration,1
elaborate,1
release,1
wen,1
consolidation,1
unwilling,1
supportive,1
environmental,1
inhale,1
insensate,1
dysmorphic,1
october,1
nasonex,1
hildi,1
bart,1
empirical,1
whole,1
periphery,1
inner,1
accidentshe,1
decannulation,1
absneed,1
mel,1
lyon,1
flap,1
obstipation,1
xue,1
percutaneous,1
investigative,1
jang,1
parenchyma,1
kindred,1
remicade,1
decompress,1
topic,1
diani,1
timoptic,1
justin,1
directive,1
lethargy,1
rob,1
eliminate,1
vitreous,1
lowest,1
scott,1
rbc,1
mirand,1
fax,1
ideation,1
arithi,1
karikas,1
lysed,1
postprandial,1
innocent,1
similarity,1
wheezings,1
visuospatial,1
radiologic,1
spread,1
saivan,1
transbronchial,1
osteophytosis,1
evolve,1
encephalopathy,1
flexor,1
urinebloods,1
sedentary,1
steady,1
chlorthalidone,1
bimanual,1
responsive,1
rdw,1
margin,1
rheumatologist,1
zofran,1
various,1
paula,1
thumb,1
turning,1
pyeonephritis,1
reject,1
hsm,1
ingrown,1
disseminated,1
tend,1
realistic,1
compatible,1
trang,1
elective,1
stitch,1
conway,1
assure,1
eleventh,1
wilson,1
retrovert,1
childhood,1
paresthesias,1
mitral,1
dunne,1
martinez,1
xii,1
rom,1
bloat,1
withiin,1
subcu,1
gate,1
evett,1
drmorris,1
dera,1
scotoma,1
pick,1
fasf,1
osler,1
scleritis,1
igm,1
rapidly,1
extract,1
benicar,1
heartland,1
structure,1
film,1
foreskin,1
esr,1
castillo,1
port,1
philippi,1
reed,1
samples,1
brooke,1
anonymous,1
hyperkeratotic,1
arnold,1
watcher,1
perrla,1
york,1
deferred,1
ipratropium,1
ardmore,1
osteoarthritic,1
faslodex,1
ds,1
volunteer,1
corticosteroid,1
technique,1
apnoea,1
enteritis,1
testosterone,1
aline,1
steri,1
marco,1
bumex,1
rhinorrhea,1
down,1
lacey,1
karnofsky,1
bunion,1
bulk,1
guess,1
book,1
significance,1
pacu,1
soleus,1
buntine,1
mrs,1
hematology,1
elocon,1
anyway,1
optic,1
decompensation,1
advanced,1
hyperreflexia,1
axillary,1
indian,1
gadaranade,1
pinpoint,1
reviewsand,1
interrupt,1
pleasantly,1
immunosuppressive,1
seventh,1
zaldy,1
retina,1
bothersome,1
tic,1
warrant,1
monitoringongoing,1
mattress,1
cortex,1
person,1
farber,1
understands,1
iowa,1
deviation,1
thromboembolic,1
healthsouth,1
lotensin,1
noontime,1
niddm,1
aromasin,1
chan,1
input,1
engener,1
urethroscopic,1
subretinal,1
frozen,1
exercising,1
greatly,1
bglsneed,1
nebuliser,1
transplantation,1
cranial,1
gamnadutha,1
murdoch,1
ifosfamide,1
clark,1
oversedation,1
routinely,1
burst,1
facelift,1
command,1
strokeso,1
adequately,1
malignant,1
gatsby,1
diskitis,1
hepatomegaly,1
ponomarev,1
aldactone,1
nucleolus,1
adolescent,1
hoffmann,1
okkas,1
adam,1
daysnil,1
pyelography,1
portland,1
material,1
bextra,1
absolute,1
humid,1
injure,1
posttransfusion,1
duricef,1
exclude,1
ileus,1
inhalant,1
involuting,1
richard,1
neckline,1
pancytopenic,1
ivfs,1
follicular,1
moen,1
hypercapnic,1
sunday,1
unsteady,1
cup,1
ptt,1
recognize,1
compartment,1
pigment,1
tibialis,1
ursodiol,1
supraglottitis,1
ems,1
desirable,1
thurs,1
padsotherwise,1
lamictal,1
mirabilis,1
grams,1
concur,1
bike,1
ultram,1
sgot,1
rehydration,1
osteophyte,1
needle,1
terry,1
letter,1
pekkarinen,1
rec,1
diana,1
athene,1
indwell,1
driver,1
glucometer,1
chorioamnionitis,1
linnea,1
focus,1
mouthwash,1
thru,1
torticollis,1
techniques,1
hmmm,1
resistance,1
urticarial,1
pharyngeal,1
wellstable,1
tie,1
theophylline,1
procrit,1
handover,1
subcapsular,1
pursue,1
degenerate,1
dynamic,1
pierce,1
necessarily,1
observation,1
sell,1
spastic,1
synvisc,1
levall,1
vary,1
wasp,1
indicated,1
shake,1
anger,1
monopril,1
donald,1
clexanequery,1
wrong,1
aesthetic,1
ethanol,1
pollen,1
kaopectate,1
collecting,1
pool,1
lengthy,1
bag,1
sarith,1
medially,1
intention,1
unsure,1
hyperemia,1
segment,1
asymptomatic,1
habit,1
nut,1
kumar,1
multiforme,1
adverse,1
maxillary,1
verbalize,1
contain,1
philips,1
motorbike,1
perineum,1
vent,1
pharmacistsnil,1
disrupt,1
hughes,1
qualify,1
register,1
hassan,1
claritin,1
benazepril,1
watson,1
obviously,1
wong,1
problematic,1
crescent,1
accounting,1
strain,1
merely,1
arimidex,1
normochromic,1
christoffer,1
yard,1
checklist,1
hyperflexion,1
languages,1
contraindication,1
girth,1
allograft,1
mucositis,1
thamy,1
suspicion,1
exposurestill,1
understood,1
willing,1
reliefquery,1
mango,1
perera,1
cleanness,1
climb,1
imodium,1
pepcid,1
herniated,1
zander,1
immunization,1
gusto,1
bible,1
consequently,1
severity,1
montgomery,1
hemianopsia,1
transrectal,1
surveillance,1
sanctura,1
lenalidomide,1
expect,1
dorsal,1
electrocardiographic,1
theo,1
graf,1
overt,1
wanderer,1
bread,1
eden,1
aricept,1
hyatt,1
archuleta,1
presently,1
anatomy,1
antipyretic,1
genuine,1
alarmed,1
hill,1
issuesobs,1
critically,1
awaiting,1
height,1
sometime,1
protuberant,1
retinopathy,1
radial,1
crack,1
mobile,1
rationale,1
knob,1
logan,1
dilantin,1
scheduled,1
toy,1
fluttering,1
socialize,1
omar,1
expiratory,1
crepitance,1
mitomycin,1
continuation,1
glenoid,1
combine,1
butter,1
decannulate,1
pinholing,1
titrate,1
haematuria,1
chanson,1
droplet,1
lamisil,1
fatigued,1
bekerley,1
efficaciously,1
salicylate,1
affective,1
thinda,1
xie,1
feosol,1
rossiter,1
megace,1
bacteroides,1
miller,1
anaphylaxis,1
nonicteric,1
sundowner,1
helmet,1
seldomly,1
gibbon,1
street,1
client,1
pasta,1
effectnil,1
selfcaring,1
growth,1
bicuspid,1
nualart,1
surround,1
evenly,1
opaque,1
nondisplaced,1
tinnitus,1
balloon,1
stimulant,1
autologous,1
antivert,1
indicative,1
ceftriaxone,1
orthotics,1
asymmetry,1
premarin,1
tummy,1
attached,1
en,1
intestinal,1
clitoris,1
asthenic,1
reid,1
mike,1
vldl,1
sounded,1
retinal,1
resus,1
hemiarthroplasty,1
humulin,1
munson,1
clonic,1
temp,1
tonsillectomy,1
advair,1
